Index,First Name,Last Name,Age,Sex,Email,Phone,Education,Major_Code,Major_Study,Study_Category,Experience
1,Sara,Mcguire,34,Female,tsharp@example.net,4058160490,Bachelors,1100,GENERAL AGRICULTURE,Agriculture & Natural Resources,0
2,Alisha,Hebert,28,Male,vincentgarrett@example.net,5129211545,Bachelors,1101,AGRICULTURE PRODUCTION AND MANAGEMENT,Agriculture & Natural Resources,3
3,Gwendolyn,Sheppard,38,Male,mercadojonathan@example.com,2624847553,Bachelors,1102,AGRICULTURAL ECONOMICS,Agriculture & Natural Resources,2
4,Kristine,Mccann,27,Female,lindsay55@example.com,5415851007,Masters,1103,ANIMAL SCIENCES,Agriculture & Natural Resources,5
5,Bobby,Pittman,24,,blevinsmorgan@example.com,5415851007,Masters,1104,FOOD SCIENCE,Agriculture & Natural Resources,2
6,Calvin,Ramsey,22,Female,loretta85@example.com,5032241700,Bachelors,1105,PLANT SCIENCE AND AGRONOMY,Agriculture & Natural Resources,0
7,Collin,Allison,38,Male,yvaughn@example.net,6195782311,Bachelors,1106,SOIL SCIENCE,Agriculture & Natural Resources,0
8,Nicholas,Branch,34,Male,greerjimmy@example.net,5415851007,Bachelors,1199,MISCELLANEOUS AGRICULTURE,Agriculture & Natural Resources,2
9,Emma,Robinson,23,Female,charleshiggins@example.org,2083445870,Bachelors,1301,ENVIRONMENTAL SCIENCE,Biology & Life Science,1
10,Pedro,Cordova,37,Male,leslie08@example.com,7205738992,Masters,1302,FORESTRY,Agriculture & Natural Resources,2
11,Jean,Aguilar,27,Male,raymond24@example.org,7755307014,Masters,1303,NATURAL RESOURCES MANAGEMENT,Agriculture & Natural Resources,5
12,Dwayne,Hutchinson,34,Female,preston28@example.net,6308165790,Bachelors,1401,ARCHITECTURE,Engineering,3
13,Bradley,Velazquez,32,Male,joycejay@example.net,3739847538,Bachelors,1501,AREA ETHNIC AND CIVILIZATION STUDIES,Humanities & Liberal Arts,5
14,Samantha,Moon,39,Male,wesleymullins@example.net,7077534934,Bachelors,1901,COMMUNICATIONS,Communications & Journalism,2
15,Clayton,Erickson,37,Male,nterry@example.net,3033257321,Bachelors,1902,JOURNALISM,Communications & Journalism,4
16,Bradley,Bright,29,Female,devinherman@example.net,7633924753,Bachelors,1903,MASS MEDIA,Communications & Journalism,3
17,Ernest,Maynard,34,Male,tommywoodard@example.com,7813071554,Bachelors,1904,ADVERTISING AND PUBLIC RELATIONS,Communications & Journalism,2
18,Joe,Larsen,34,Female,brianna43@example.org,2814442337,High School,2001,COMMUNICATION TECHNOLOGIES,Computers & Mathematics,4
19,Alfred,Barrera,30,,kristina40@example.net,5415751188,Bachelors,2100,COMPUTER AND INFORMATION SYSTEMS,Computers & Mathematics,0
20,Jon,Wagner,22,Female,meagan99@example.org,9876545673,Bachelors,2101,COMPUTER PROGRAMMING AND DATA PROCESSING,Computers & Mathematics,0
21,Glen,Calderon,37,Male,randystephenson@example.net,7169066600,Bachelors,2102,COMPUTER SCIENCE,Computers & Mathematics,0
22,Marco,Sharp,28,Male,cmcclure@example.net,6023395014,Masters,2105,INFORMATION SCIENCES,Computers & Mathematics,4
23,Jermaine,Liu,36,Male,tristanpatterson@example.net,4890361487,Bachelors,2106,COMPUTER ADMINISTRATION MANAGEMENT AND SECURITY,Computers & Mathematics,3
24,Cindy,Haynes,27,Female,sonyamoyer@example.net,3603063285,Bachelors,2107,COMPUTER NETWORKING AND TELECOMMUNICATIONS,Computers & Mathematics,5
25,Meghan,Blanchard,29,Male,smejia@example.org,5172581346,Bachelors,2201,COSMETOLOGY SERVICES AND CULINARY ARTS,Industrial Arts & Consumer Services,4
26,Julie,Delacruz,22,Male,jillian34@example.net,3035791004,Bachelors,2300,GENERAL EDUCATION,Education,0
27,Jackie,Munoz,37,,villarrealgilbert@example.org,6514938106,Bachelors,2301,EDUCATIONAL ADMINISTRATION AND SUPERVISION,Education,2
28,Maureen,Vasquez,23,Female,chogan@example.com,5139750613,Bachelors,2303,SCHOOL STUDENT COUNSELING,Education,1
29,Theresa,Riddle,31,Male,jasminlowe@example.org,8643491430,Bachelors,2304,ELEMENTARY EDUCATION,Education,2
30,Jenny,Wiley,30,Female,youngbrandon@example.net,5032393831,Masters,2305,MATHEMATICS TEACHER EDUCATION,Education,2
31,Kirsten,Bailey,25,Female,donaldsonomar@example.org,9199775654,PHD,2306,PHYSICAL AND HEALTH EDUCATION TEACHING,Education,3
32,Melody,Wiggins,23,Male,mackrachael@example.net,8186996165,Bachelors,2307,EARLY CHILDHOOD EDUCATION,Education,1
33,Ruth,Bolton,26,Female,newtonbridget@example.net,2186924129,Bachelors,2308,SCIENCE AND COMPUTER TEACHER EDUCATION,Education,4
34,Jacqueline,Frederick,40,Male,collin32@example.com,7207731437,Bachelors,2309,SECONDARY TEACHER EDUCATION,Education,5
35,Theresa,Gilmore,37,Female,gmerritt@example.net,8025285988,Bachelors,2310,SPECIAL NEEDS EDUCATION,Education,0
36,Stanley,Underwood,30,Female,ravenbecker@example.com,5134863672,Bachelors,2311,SOCIAL SCIENCE OR HISTORY TEACHER EDUCATION,Education,3
37,Brandy,Heath,29,Female,pcarey@example.com,3022538816,Bachelors,2312,TEACHER EDUCATION: MULTIPLE LEVELS,Education,3
38,Terrence,Tucker,34,Male,rmcdaniel@example.com,3158658500,Bachelors,2313,LANGUAGE AND DRAMA EDUCATION,Education,0
39,Mary,Ferguson,29,Female,vrobinson@example.com,4432181410,Bachelors,2314,ART AND MUSIC EDUCATION,Education,2
40,Rachel,Rice,30,Female,chrisware@example.com,5152437868,Bachelors,2399,MISCELLANEOUS EDUCATION,Education,4
41,Allison,Clay,36,Female,orrangie@example.net,2529282337,Bachelors,2400,GENERAL ENGINEERING,Engineering,1
42,Tom,Rivas,23,Male,guyayers@example.org,5408412598,Masters,2401,AEROSPACE ENGINEERING,Engineering,1
43,Monique,Ferguson,30,Male,calhoundestiny@example.com,4127375273,Bachelors,2402,BIOLOGICAL ENGINEERING,Engineering,3
44,Denise,Cardenas,36,Male,sethtrujillo@example.com,3013382490,Bachelors,2403,ARCHITECTURAL ENGINEERING,Engineering,0
45,Ross,Wiley,39,Male,ymathews@example.net,6623055907,Bachelors,2404,BIOMEDICAL ENGINEERING,Engineering,4
46,Curtis,Oconnell,23,Female,katie30@example.com,4142364056,High School,2405,CHEMICAL ENGINEERING,Engineering,1
47,Terry,Hanna,27,Female,juan72@example.net,7198013833,PHD,2406,CIVIL ENGINEERING,Engineering,5
48,Ernest,Wilkerson,35,,danielhenry@example.org,7430176893,Masters,2407,COMPUTER ENGINEERING,Engineering,2
49,Tabitha,Odonnell,34,Male,faith61@example.com,7430176843,Masters,2408,ELECTRICAL ENGINEERING,Engineering,0
50,Joshua,Hooper,30,Male,dillonroberta@example.org,2172549374,Bachelors,2409,ENGINEERING MECHANICS PHYSICS AND SCIENCE,Engineering,1
51,Vanessa,Huynh,34,Female,reginaldhuber@example.com,5202564851,PHD,2410,ENVIRONMENTAL ENGINEERING,Engineering,2
52,Lucas,Pittman,26,Female,mackenzie07@example.org,4254242337,Bachelors,2411,GEOLOGICAL AND GEOPHYSICAL ENGINEERING,Engineering,4
53,Jaclyn,Cohen,34,Female,tanyabeasley@example.org,6315334838,Bachelors,2412,INDUSTRIAL AND MANUFACTURING ENGINEERING,Engineering,0
54,Jill,Shannon,31,,avilahector@example.com,8028575318,Bachelors,2413,MATERIALS ENGINEERING AND MATERIALS SCIENCE,Engineering,5
55,Bradley,Hull,31,Female,paigedoyle@example.net,4065472337,Bachelors,2414,MECHANICAL ENGINEERING,Engineering,5
56,Roberto,Walton,28,Male,dianeporter@example.net,5704320069,PHD,2415,METALLURGICAL ENGINEERING,Engineering,2
57,Chase,Beard,38,Male,zsoto@example.net,2075731979,Bachelors,2416,MINING AND MINERAL ENGINEERING,Engineering,2
58,Ellen,Scott,39,Female,zpowers@example.net,8292649018,Masters,2417,NAVAL ARCHITECTURE AND MARINE ENGINEERING,Engineering,2
59,Bridget,Spence,32,Female,graysheena@example.net,8019878663,Bachelors,2418,NUCLEAR ENGINEERING,Engineering,4
60,Katie,Wells,36,Male,tescobar@example.org,7034202257,Masters,2419,PETROLEUM ENGINEERING,Engineering,2
61,Breanna,Cardenas,29,Female,meganchoi@example.net,8292649318,Masters,2499,MISCELLANEOUS ENGINEERING,Engineering,3
62,Beverly,Sanford,30,Male,qklein@example.com,4152330857,Bachelors,2500,ENGINEERING TECHNOLOGIES,Engineering,5
63,Tonya,Riggs,25,Female,marcobaxter@example.com,8452027334,PHD,2501,ENGINEERING AND INDUSTRIAL MANAGEMENT,Engineering,3
64,Chloe,Beck,22,Female,alanbarron@example.org,4345492739,Bachelors,2502,ELECTRICAL ENGINEERING TECHNOLOGY,Engineering,0
65,Abigail,Parks,34,Female,falexander@example.org,4253755223,Bachelors,2503,INDUSTRIAL PRODUCTION TECHNOLOGIES,Engineering,4
66,Lorraine,Castaneda,40,Male,btrujillo@example.org,3604749740,Bachelors,2504,MECHANICAL ENGINEERING RELATED TECHNOLOGIES,Engineering,1
67,Ashlee,Boyd,26,Female,jaimeware@example.net,2123779050,PHD,2599,MISCELLANEOUS ENGINEERING TECHNOLOGIES,Engineering,4
68,Carl,Lucero,28,Female,isabellasantos@example.net,2529916959,Bachelors,2601,LINGUISTICS AND COMPARATIVE LANGUAGE AND LITERATURE,Humanities & Liberal Arts,0
69,Cassidy,Chambers,24,Female,blackjonathon@example.org,5105952111,Bachelors,2602,FRENCH GERMAN LATIN AND OTHER COMMON FOREIGN LANGUAGE STUDIES,Humanities & Liberal Arts,2
70,Andres,Barajas,40,,foneal@example.com,4153690900,Masters,2603,OTHER FOREIGN LANGUAGES,Humanities & Liberal Arts,2
71,Stephanie,Phillips,23,Male,urobinson@example.net,3142416969,Bachelors,2901,FAMILY AND CONSUMER SCIENCES,Industrial Arts & Consumer Services,1
72,Gabriel,Villanueva,31,Male,alisonwallace@example.net,6068862844,Masters,3201,COURT REPORTING,Law & Public Policy,4
73,Eugene,Cooper,25,,roberto61@example.net,5092382739,High School,3202,PRE-LAW AND LEGAL STUDIES,Law & Public Policy,3
74,Johnathan,Henderson,27,Female,haasjade@example.com,2066792048,Bachelors,3301,ENGLISH LANGUAGE AND LITERATURE,Humanities & Liberal Arts,5
75,Jocelyn,Ross,25,Female,shari97@example.com,7858562337,Masters,3302,COMPOSITION AND RHETORIC,Humanities & Liberal Arts,3
76,Chelsea,Hester,40,Female,maddentricia@example.com,9545326964,Bachelors,3401,LIBERAL ARTS,Humanities & Liberal Arts,0
77,Darrell,Kent,23,Female,prattivan@example.com,1384805437,Bachelors,3402,HUMANITIES,Humanities & Liberal Arts,1
78,Beverly,Hurst,23,Male,hmcknight@example.com,1387505437,Bachelors,3501,LIBRARY SCIENCE,Education,1
79,Paul,Hart,39,Female,cynthiagibbs@example.com,2084753981,Bachelors,3600,BIOLOGY,Biology & Life Science,1
80,Amber,Kaiser,37,Male,glen89@example.com,8584805437,PHD,3601,BIOCHEMICAL SCIENCES,Biology & Life Science,1
81,Kerry,Weiss,38,,torresmeredith@example.net,6187910728,Bachelors,3602,BOTANY,Biology & Life Science,2
82,Donna,Donaldson,31,Male,franklintheresa@example.net,2673145770,Bachelors,3603,MOLECULAR BIOLOGY,Biology & Life Science,0
83,Wesley,Gomez,38,Male,moniqueblankenship@example.com,4844837860,Bachelors,3604,ECOLOGY,Biology & Life Science,5
84,Lorraine,Sims,25,Male,bonnie13@example.org,6173837039,Bachelors,3605,GENETICS,Biology & Life Science,3
85,Linda,Robertson,27,Female,tbraun@example.net,7274956002,Bachelors,3606,MICROBIOLOGY,Biology & Life Science,5
86,Lindsay,Lam,36,Male,arthursellers@example.com,7072287309,Bachelors,3607,PHARMACOLOGY,Biology & Life Science,0
87,Meredith,Hayden,27,Male,jeff39@example.net,7202990994,High School,3608,PHYSIOLOGY,Biology & Life Science,5
88,Betty,Avila,32,Female,ronaldpoole@example.com,9095334892,Masters,3609,ZOOLOGY,Biology & Life Science,4
89,Erik,Delgado,28,Female,denisetyler@example.com,9412180396,Bachelors,3611,NEUROSCIENCE,Biology & Life Science,4
90,Dawn,Gibson,32,Female,lkidd@example.org,4696607184,Masters,3699,MISCELLANEOUS BIOLOGY,Biology & Life Science,2
91,Stuart,Peterson,30,Female,dmaldonado@example.net,8125866256,Bachelors,3700,MATHEMATICS,Computers & Mathematics,0
92,Gavin,Saunders,22,Female,asanders@example.org,9209469715,Bachelors,3701,APPLIED MATHEMATICS,Computers & Mathematics,0
93,Natalie,Mcmahon,34,Female,tamaramoss@example.net,5416190183,Bachelors,3702,STATISTICS AND DECISION SCIENCE,Computers & Mathematics,5
94,Valerie,Gallagher,36,Female,mallory24@example.com,9546013833,Masters,3801,MILITARY TECHNOLOGIES,Industrial Arts & Consumer Services,2
95,Willie,Peck,39,Female,maddenariana@example.org,2026700333,Bachelors,4000,MULTI/INTERDISCIPLINARY STUDIES,Interdisciplinary,3
96,Ariel,Crosby,26,Female,pvargas@example.net,8168866256,PHD,4001,INTERCULTURAL AND INTERNATIONAL STUDIES,Humanities & Liberal Arts,4
97,Jeremy,Wells,31,Male,patrickbray@example.net,8603395238,Bachelors,4002,NUTRITION SCIENCES,Health,0
98,Joann,Garza,27,Male,benitezcarol@example.net,8603368238,High School,4005,MATHEMATICS AND COMPUTER SCIENCE,Computers & Mathematics,5
99,Jeanne,Rowe,29,Male,usantiago@example.net,8603360978,Bachelors,4006,COGNITIVE SCIENCE AND BIOPSYCHOLOGY,Biology & Life Science,0
100,Christie,Kane,24,Female,jill08@example.org,9733368238,Bachelors,4007,INTERDISCIPLINARY SOCIAL SCIENCES,Social Science,2
101,Reginald,Thornton,25,Female,jhenson@example.net,9903368238,Masters,4101,PHYSICAL FITNESS PARKS RECREATION AND LEISURE,Industrial Arts & Consumer Services,3
102,Kristen,Brady,25,Female,krussell@example.net,8631368238,Bachelors,4801,PHILOSOPHY AND RELIGIOUS STUDIES,Humanities & Liberal Arts,3
103,Gail,Bridges,26,Female,jodimahoney@example.net,7088257339,Masters,4901,THEOLOGY AND RELIGIOUS VOCATIONS,Humanities & Liberal Arts,4
104,Danny,Aguilar,28,Female,frymarisa@example.com,1825722375,Bachelors,5000,PHYSICAL SCIENCES,Physical Sciences,1
105,Reginald,Kelly,28,Male,isabel07@example.com,7206383678,Bachelors,5001,ASTRONOMY AND ASTROPHYSICS,Physical Sciences,2
106,Yvonne,Greene,28,Female,williamsroberta@example.org,2065796509,Masters,5002,ATMOSPHERIC SCIENCES AND METEOROLOGY,Physical Sciences,3
107,Diamond,Burton,25,Male,efrazier@example.com,3065796509,Masters,5003,CHEMISTRY,Physical Sciences,3
108,Alicia,Chaney,28,Male,davehutchinson@example.com,3022278519,Bachelors,5004,GEOLOGY AND EARTH SCIENCE,Physical Sciences,1
109,Devon,Marquez,25,Female,arthuralvarado@example.net,5086158195,Masters,5005,GEOSCIENCES,Physical Sciences,3
110,Tony,Parrish,25,Female,humphreymathew@example.com,8164296886,Bachelors,5006,OCEANOGRAPHY,Physical Sciences,3
111,Karla,Logan,27,Male,caitlyndrake@example.org,9192015457,High School,5007,PHYSICS,Physical Sciences,5
112,Cody,Walters,27,Female,debbie25@example.org,8505029952,Bachelors,5008,MATERIALS SCIENCE,Engineering,5
113,Shawna,Fields,27,Male,nichole65@example.org,2526319213,Bachelors,5098,MULTI-DISCIPLINARY OR GENERAL SCIENCE,Physical Sciences,5
114,Kathryn,Clay,25,Female,kayleenewman@example.org,2326319213,Bachelors,5102,"NUCLEAR, INDUSTRIAL RADIOLOGY, AND BIOLOGICAL TECHNOLOGIES",Physical Sciences,3
115,Jaime,Arellano,28,Female,ymcintosh@example.org,3029070423,Masters,5200,PSYCHOLOGY,Psychology & Social Work,2
116,Arthur,Gross,26,Male,sheri54@example.com,3008070423,Bachelors,5201,EDUCATIONAL PSYCHOLOGY,Psychology & Social Work,4
117,Tami,Farley,28,Female,orozcobill@example.com,4178616400,Bachelors,5202,CLINICAL PSYCHOLOGY,Psychology & Social Work,2
118,Christine,Rosales,26,Male,darrellmeyers@example.org,3144361559,Masters,5203,COUNSELING PSYCHOLOGY,Psychology & Social Work,4
119,Howard,Camacho,26,Male,linda70@example.com,7204602797,Bachelors,5205,INDUSTRIAL AND ORGANIZATIONAL PSYCHOLOGY,Psychology & Social Work,4
120,Lucas,Thomas,25,Female,wstanley@example.org,904602797,High School,5206,SOCIAL PSYCHOLOGY,Psychology & Social Work,3
121,Carlos,Mccall,28,Female,marciagolden@example.org,4252247583,Bachelors,5299,MISCELLANEOUS PSYCHOLOGY,Psychology & Social Work,3
122,Robyn,Salas,26,Female,nmiddleton@example.net,4252866004,PHD,5301,CRIMINAL JUSTICE AND FIRE PROTECTION,Law & Public Policy,4
123,Jody,Acevedo,25,Female,mcdowellpatrick@example.org,4047911119,Bachelors,5401,PUBLIC ADMINISTRATION,Law & Public Policy,3
124,Leslie,Benitez,26,Male,smathews@example.net,4065853745,Bachelors,5402,PUBLIC POLICY,Law & Public Policy,4
125,Isaiah,Huffman,28,Male,savannah43@example.org,5412706076,Bachelors,5403,HUMAN SERVICES AND COMMUNITY ORGANIZATION,Psychology & Social Work,3
126,Julian,Hampton,24,Female,gardnerdominic@example.com,2112706076,Masters,5404,SOCIAL WORK,Psychology & Social Work,2
127,Justin,Elliott,28,Male,brady09@example.com,7168057500,Bachelors,5500,GENERAL SOCIAL SCIENCES,Social Science,1
128,Glen,Hamilton,27,Male,nashantonio@example.net,6184167261,Bachelors,5501,ECONOMICS,Social Science,5
129,Scott,Dawson,25,Female,ynelson@example.com,5092413281,Bachelors,5502,ANTHROPOLOGY AND ARCHEOLOGY,Humanities & Liberal Arts,3
130,Connie,Sutton,24,Female,meghan24@example.com,8125460091,Masters,5503,CRIMINOLOGY,Social Science,2
131,Kevin,Vance,26,Female,katelynharper@example.net,6508678476,High School,5504,GEOGRAPHY,Social Science,4
132,Paul,Combs,28,Female,chasestuart@example.com,9076832739,Bachelors,5505,INTERNATIONAL RELATIONS,Social Science,1
133,Patricia,Garza,27,Male,rray@example.org,9076832739,Masters,5506,POLITICAL SCIENCE AND GOVERNMENT,Social Science,5
134,Lee,Ferguson,26,Male,cassidyhenry@example.com,9077432504,Masters,5507,SOCIOLOGY,Social Science,4
135,Karla,Sloan,24,Female,pedrobrowning@example.com,9708567762,Masters,5599,MISCELLANEOUS SOCIAL SCIENCES,Social Science,2
136,Tyrone,Duffy,26,Male,juarezdawn@example.net,7136780776,Masters,5601,CONSTRUCTION SERVICES,Industrial Arts & Consumer Services,4
137,Christopher,Page,25,Female,atkinsalejandra@example.net,4199562863,Masters,5701,"ELECTRICAL, MECHANICAL, AND PRECISION TECHNOLOGIES AND PRODUCTION",Industrial Arts & Consumer Services,3
138,Randall,Bullock,28,Male,marciacollier@example.org,5129089817,Bachelors,5901,TRANSPORTATION SCIENCES AND TECHNOLOGIES,Industrial Arts & Consumer Services,2
139,Ronnie,Cantrell,28,Female,perry46@example.com,6415922739,Bachelors,6000,FINE ARTS,Arts,2
140,Gloria,Landry,26,Female,dreese@example.com,6163599555,Bachelors,6001,DRAMA AND THEATER ARTS,Arts,4
141,Nathan,Carrillo,27,Male,mistynichols@example.org,863599555,Masters,6002,MUSIC,Arts,5
142,Tonya,Logan,24,Male,cathy28@example.org,5093217818,Bachelors,6003,VISUAL AND PERFORMING ARTS,Arts,2
143,Selena,Shields,28,Male,garrettchurch@example.org,9054445050,Bachelors,6004,COMMERCIAL ART AND GRAPHIC DESIGN,Arts,2
144,Jorge,King,26,Male,ddodson@example.org,3128959591,Bachelors,6005,FILM VIDEO AND PHOTOGRAPHIC ARTS,Arts,4
145,Angie,Lowe,27,Male,kochcolton@example.net,4253341026,Bachelors,6006,ART HISTORY AND CRITICISM,Humanities & Liberal Arts,5
146,Sarah,Humphrey,28,Female,tammie97@example.org,2516897483,High School,6007,STUDIO ARTS,Arts,3
147,Melody,Esparza,25,Female,padillachristine@example.org,4042555911,Bachelors,6099,MISCELLANEOUS FINE ARTS,Arts,3
148,Melody,Serrano,28,Male,sheena79@example.org,4048753232,Bachelors,6100,GENERAL MEDICAL AND HEALTH SERVICES,Health,1
149,Alexa,Santana,25,Male,schmidtrandall@example.org,2103808215,Masters,6102,COMMUNICATION DISORDERS SCIENCES AND SERVICES,Health,3
150,Herbert,Poole,26,Male,nwashington@example.org,5156614615,Bachelors,6103,HEALTH AND MEDICAL ADMINISTRATIVE SERVICES,Health,4
151,Jerry,Schultz,27,Female,cynthiaherring@example.org,9162462729,Bachelors,6104,MEDICAL ASSISTING SERVICES,Health,5
152,Tom,Stuart,24,Female,kristy48@example.org,9068282167,Bachelors,6105,MEDICAL TECHNOLOGIES TECHNICIANS,Health,2
153,Guy,Stephens,24,Female,adrianabuchanan@example.org,7732205899,Bachelors,6106,HEALTH AND MEDICAL PREPARATORY PROGRAMS,Health,2
154,Grant,Barton,26,Female,cathy98@example.org,3609077062,Bachelors,6107,NURSING,Health,4
155,Jamie,Riggs,24,Male,pmalone@example.net,5054861094,Bachelors,6108,PHARMACY PHARMACEUTICAL SCIENCES AND ADMINISTRATION,Health,2
156,Jermaine,Trujillo,26,Female,dmiddleton@example.net,7654861094,Masters,6109,TREATMENT THERAPY PROFESSIONS,Health,4
157,Bobby,Mathis,28,Male,harry66@example.com,5594731875,Bachelors,6110,COMMUNITY AND PUBLIC HEALTH,Health,3
158,Terri,Neal,24,Female,oburke@example.org,6124040056,Bachelors,6199,MISCELLANEOUS HEALTH MEDICAL PROFESSIONS,Health,2
159,Reginald,Nixon,25,Female,qsandoval@example.org,6183397841,Bachelors,6200,GENERAL BUSINESS,Business,3
160,Sarah,Huber,28,Female,wilkersonlucas@example.net,7833397841,Bachelors,6201,ACCOUNTING,Business,3
161,Hunter,Romero,28,,austinruben@example.net,4106182046,Bachelors,6202,ACTUARIAL SCIENCE,Business,3
162,Alisha,Blair,26,Female,mcook@example.net,9156378199,High School,6203,BUSINESS MANAGEMENT AND ADMINISTRATION,Business,4
163,Malik,Mclaughlin,24,Male,albert53@example.com,5093676300,Masters,6204,OPERATIONS LOGISTICS AND E-COMMERCE,Business,2
164,Kristopher,Nicholson,25,Female,jbrooks@example.org,9565291353,Bachelors,6205,BUSINESS ECONOMICS,Business,3
165,Chris,Lucero,25,Male,sanchezrichard@example.com,3032325347,Bachelors,6206,MARKETING AND MARKETING RESEARCH,Business,3
166,Paul,Glover,27,Female,corey40@example.net,4035690562,Bachelors,6207,FINANCE,Business,5
167,Joe,Dominguez,24,Female,malikday@example.org,7708460292,Bachelors,6209,HUMAN RESOURCES AND PERSONNEL MANAGEMENT,Business,2
168,Susan,Palmer,25,Female,wgibbs@example.net,9144325969,Bachelors,6210,INTERNATIONAL BUSINESS,Business,3
169,Patricia,Sullivan,28,Female,bowmandominique@example.com,6036307745,Bachelors,6211,HOSPITALITY MANAGEMENT,Business,3
170,Raven,Marks,26,Male,vpineda@example.net,9286307745,Masters,6212,MANAGEMENT INFORMATION SYSTEMS AND STATISTICS,Business,4
171,Jenna,Cervantes,28,Female,adriana77@example.net,6129648939,Bachelors,6299,MISCELLANEOUS BUSINESS & MEDICAL ADMINISTRATION,Business,1
172,Bobby,Richard,25,Male,jaclyn82@example.org,6123448939,Bachelors,6402,HISTORY,Humanities & Liberal Arts,3
173,Dominique,Whitehead,28,Male,waynewong@example.com,5418083738,Masters,6403,UNITED STATES HISTORY,Humanities & Liberal Arts,2
174,Theresa,Austin,27,Female,walexander@example.org,9704714979,Bachelors,1100,GENERAL AGRICULTURE,Agriculture & Natural Resources,5
175,Brady,Velasquez,26,Male,cobbhoward@example.org,5635878306,Bachelors,1101,AGRICULTURE PRODUCTION AND MANAGEMENT,Agriculture & Natural Resources,4
176,George,Riddle,26,Female,crawfordjermaine@example.com,3018417123,Bachelors,1102,AGRICULTURAL ECONOMICS,Agriculture & Natural Resources,4
177,Rachel,Chambers,25,Male,christieryan@example.net,6093657777,Bachelors,1103,ANIMAL SCIENCES,Agriculture & Natural Resources,3
178,Dylan,Combs,25,Female,itran@example.com,2535727771,Bachelors,1104,FOOD SCIENCE,Agriculture & Natural Resources,3
179,Sue,Schultz,24,Male,bonilladamon@example.com,2535148129,Bachelors,1105,PLANT SCIENCE AND AGRONOMY,Agriculture & Natural Resources,2
180,Cindy,Shea,27,Female,sstephens@example.com,7165812090,Bachelors,1106,SOIL SCIENCE,Agriculture & Natural Resources,5
181,Michael,Hayden,27,Female,marciaritter@example.org,8058687133,Masters,1199,MISCELLANEOUS AGRICULTURE,Agriculture & Natural Resources,5
182,Marcia,Christian,27,Female,shepherdveronica@example.com,6185247180,Bachelors,1301,ENVIRONMENTAL SCIENCE,Biology & Life Science,5
183,Chris,Parker,24,Female,wonggene@example.com,7346496453,Bachelors,1302,FORESTRY,Agriculture & Natural Resources,2
184,Karl,Skinner,27,Male,sheriliu@example.com,7304496453,Masters,1303,NATURAL RESOURCES MANAGEMENT,Agriculture & Natural Resources,5
185,Lynn,Townsend,28,Female,forbesseth@example.com,6033731001,Masters,1401,ARCHITECTURE,Engineering,1
186,Renee,Mora,24,Male,kayleesims@example.org,6176453397,Masters,1501,AREA ETHNIC AND CIVILIZATION STUDIES,Humanities & Liberal Arts,2
187,Diana,Hubbard,25,Female,eugene90@example.org,7277333013,Masters,1901,COMMUNICATIONS,Communications & Journalism,3
188,Tasha,Hendrix,28,Female,charlenewise@example.org,8132315900,PHD,1902,JOURNALISM,Communications & Journalism,1
189,Audrey,Kerr,26,Female,robersonjonathan@example.com,9516772322,Bachelors,1903,MASS MEDIA,Communications & Journalism,4
190,Bernard,Duncan,27,Male,clifford59@example.net,6239251650,Bachelors,1904,ADVERTISING AND PUBLIC RELATIONS,Communications & Journalism,5
191,Karen,Riddle,26,Female,ihood@example.org,7990035736,Bachelors,2001,COMMUNICATION TECHNOLOGIES,Computers & Mathematics,4
192,Dalton,Gilbert,26,Female,tylernathan@example.net,8133722739,High School,2100,COMPUTER AND INFORMATION SYSTEMS,Computers & Mathematics,4
193,Shelley,Bowen,28,Female,janebean@example.com,2624738000,Bachelors,2101,COMPUTER PROGRAMMING AND DATA PROCESSING,Computers & Mathematics,1
194,Thomas,Bullock,27,Male,codyrich@example.net,8188352286,Bachelors,2102,COMPUTER SCIENCE,Computers & Mathematics,5
195,Beverly,Deleon,25,Female,hmckinney@example.org,9202087540,Bachelors,2105,INFORMATION SCIENCES,Computers & Mathematics,3
196,Luis,Odom,28,Male,dwaynehodges@example.net,3479087540,Bachelors,2106,COMPUTER ADMINISTRATION MANAGEMENT AND SECURITY,Computers & Mathematics,1
197,Terri,Bullock,24,Female,hector28@example.net,7133970072,Bachelors,2107,COMPUTER NETWORKING AND TELECOMMUNICATIONS,Computers & Mathematics,2
198,Arthur,Barrera,27,Female,aespinoza@example.org,5302627110,Bachelors,2201,COSMETOLOGY SERVICES AND CULINARY ARTS,Industrial Arts & Consumer Services,5
199,Troy,Carrillo,28,Male,douglasvance@example.org,2142438090,Bachelors,2300,GENERAL EDUCATION,Education,2
200,Caitlin,Graham,28,Female,hfitzgerald@example.com,8052035265,Bachelors,2301,EDUCATIONAL ADMINISTRATION AND SUPERVISION,Education,3
201,Fred,Reed,25,Male,fieldsmiguel@example.net,6305490332,Bachelors,2303,SCHOOL STUDENT COUNSELING,Education,3
202,Christian,Riley,25,Male,jeffery50@example.net,2193656506,Bachelors,2304,ELEMENTARY EDUCATION,Education,3
203,Neil,Miles,27,Male,gdunn@example.net,3894656506,Bachelors,2305,MATHEMATICS TEACHER EDUCATION,Education,5
204,Gabriel,Bush,26,Female,vponce@example.net,6055535015,Bachelors,2306,PHYSICAL AND HEALTH EDUCATION TEACHING,Education,4
205,Alfred,Joyce,24,Female,valdezshari@example.org,6233535015,PHD,2307,EARLY CHILDHOOD EDUCATION,Education,2
206,Shawna,Romero,26,Male,mfarmer@example.org,9043010755,Bachelors,2308,SCIENCE AND COMPUTER TEACHER EDUCATION,Education,4
207,Destiny,Sandoval,25,Female,johnsjuan@example.com,5852093276,Bachelors,2309,SECONDARY TEACHER EDUCATION,Education,3
208,Mindy,Hanson,27,Female,biancamichael@example.net,4132827062,Masters,2310,SPECIAL NEEDS EDUCATION,Education,5
209,Maxwell,Floyd,28,Female,fryejoanne@example.org,3055388110,Masters,2311,SOCIAL SCIENCE OR HISTORY TEACHER EDUCATION,Education,2
210,Ernest,Farley,25,Male,marcuskerr@example.com,5056706802,Bachelors,2312,TEACHER EDUCATION: MULTIPLE LEVELS,Education,3
211,Randy,Chan,27,Female,gstevens@example.net,5197420009,Bachelors,2313,LANGUAGE AND DRAMA EDUCATION,Education,5
212,Wayne,Cochran,27,Female,jermainegarner@example.org,5175188699,Masters,2314,ART AND MUSIC EDUCATION,Education,5
213,Wesley,Lee,28,Female,sblair@example.net,6789726747,Masters,2399,MISCELLANEOUS EDUCATION,Education,2
214,Dana,Levy,28,Female,courtney51@example.net,3107988227,Masters,2400,GENERAL ENGINEERING,Engineering,1
215,Kristy,Pineda,27,Male,christopher75@example.org,9858933143,Bachelors,2401,AEROSPACE ENGINEERING,Engineering,5
216,Bob,Frey,25,Female,wwhitehead@example.net,4127661668,Bachelors,2402,BIOLOGICAL ENGINEERING,Engineering,3
217,Jacqueline,Allison,27,Male,christine60@example.org,7025817742,Masters,2403,ARCHITECTURAL ENGINEERING,Engineering,5
218,Karl,Morse,26,Female,dpittman@example.net,8442232253,Masters,2404,BIOMEDICAL ENGINEERING,Engineering,4
219,Caitlin,Fernandez,25,Female,devonsweeney@example.net,6124054642,Bachelors,2405,CHEMICAL ENGINEERING,Engineering,3
220,Charlene,Welch,26,Male,gonzaleztara@example.org,2316892295,Masters,2406,CIVIL ENGINEERING,Engineering,4
221,Jasmin,Peck,25,Female,steelechris@example.com,8586182463,Bachelors,2407,COMPUTER ENGINEERING,Engineering,3
222,Samuel,Gould,26,Female,tfischer@example.net,6812521548,Bachelors,2408,ELECTRICAL ENGINEERING,Engineering,4
223,Maxwell,Reilly,28,Male,ubeck@example.net,8658989438,Bachelors,2409,ENGINEERING MECHANICS PHYSICS AND SCIENCE,Engineering,2
224,Glen,Cummings,27,Female,ernest23@example.org,8623989438,Bachelors,2410,ENVIRONMENTAL ENGINEERING,Engineering,5
225,Diane,May,24,Female,heather85@example.net,3104904860,Bachelors,2411,GEOLOGICAL AND GEOPHYSICAL ENGINEERING,Engineering,2
226,Karina,Fitzpatrick,28,Male,barryroberson@example.com,6192024152,Bachelors,2412,INDUSTRIAL AND MANUFACTURING ENGINEERING,Engineering,2
227,Sherry,Strickland,27,Male,qheath@example.net,1825840561,High School,2413,MATERIALS ENGINEERING AND MATERIALS SCIENCE,Engineering,5
228,Beverly,Castro,25,Female,yrodriguez@example.net,3076322337,Bachelors,2414,MECHANICAL ENGINEERING,Engineering,3
229,Carly,Terrell,27,Female,wwalker@example.org,3039952895,Bachelors,2415,METALLURGICAL ENGINEERING,Engineering,5
230,Donna,Villegas,24,Male,tochoa@example.com,5128294723,Bachelors,2416,MINING AND MINERAL ENGINEERING,Engineering,2
231,Evan,Welch,24,Female,vasquezderrick@example.org,2535178899,Bachelors,2417,NAVAL ARCHITECTURE AND MARINE ENGINEERING,Engineering,2
232,Jillian,Manning,25,Male,hmckee@example.org,6192992537,PHD,2418,NUCLEAR ENGINEERING,Engineering,3
233,Craig,Garrison,26,Male,savannah27@example.org,6146363825,Bachelors,2419,PETROLEUM ENGINEERING,Engineering,4
234,Aaron,Macdonald,24,Female,bridgesdanny@example.org,3607944056,Bachelors,2499,MISCELLANEOUS ENGINEERING,Engineering,2
235,Tammie,Schmitt,25,Female,goodbrittany@example.com,5126621462,Masters,2500,ENGINEERING TECHNOLOGIES,Engineering,3
236,Anna,Anderson,24,Female,mitchellsandoval@example.net,5186680002,Bachelors,2501,ENGINEERING AND INDUSTRIAL MANAGEMENT,Engineering,2
237,Andre,Duncan,24,Male,karina71@example.net,3157716313,Bachelors,2502,ELECTRICAL ENGINEERING TECHNOLOGY,Engineering,2
238,Gilbert,Guerra,26,Female,jordan70@example.net,6172028069,Masters,2503,INDUSTRIAL PRODUCTION TECHNOLOGIES,Engineering,4
239,Cody,Thomas,28,Male,andrewsblake@example.net,4155064565,Bachelors,2504,MECHANICAL ENGINEERING RELATED TECHNOLOGIES,Engineering,1
240,Leroy,Soto,26,Female,darrylmedina@example.net,7034340553,Masters,2599,MISCELLANEOUS ENGINEERING TECHNOLOGIES,Engineering,4
241,Brandi,Dennis,25,Female,fdavila@example.com,1903867614,High School,2601,LINGUISTICS AND COMPARATIVE LANGUAGE AND LITERATURE,Humanities & Liberal Arts,3
242,Molly,Macdonald,24,Female,vincent50@example.net,5402428876,Bachelors,2602,FRENCH GERMAN LATIN AND OTHER COMMON FOREIGN LANGUAGE STUDIES,Humanities & Liberal Arts,2
243,Duane,Vaughn,28,Female,rita62@example.org,5403717799,Bachelors,2603,OTHER FOREIGN LANGUAGES,Humanities & Liberal Arts,3
244,Connie,Kane,25,Male,jeffrey89@example.org,5198717799,Bachelors,2901,FAMILY AND CONSUMER SCIENCES,Industrial Arts & Consumer Services,3
245,Martha,Villanueva,25,Male,anthony98@example.com,3039185446,Bachelors,3201,COURT REPORTING,Law & Public Policy,3
246,Melinda,Schultz,24,Female,russonicholas@example.com,3164482811,Bachelors,3202,PRE-LAW AND LEGAL STUDIES,Law & Public Policy,2
247,Tony,Chase,28,Male,shelbyrhodes@example.org,6179874236,Bachelors,3301,ENGLISH LANGUAGE AND LITERATURE,Humanities & Liberal Arts,2
248,Nina,Ferguson,27,Male,ngould@example.com,1278774236,Bachelors,3302,COMPOSITION AND RHETORIC,Humanities & Liberal Arts,5
249,Randy,Wagner,26,Female,ngreene@example.org,6173404236,Bachelors,3401,LIBERAL ARTS,Humanities & Liberal Arts,4
250,Jill,Cook,26,Male,keithconway@example.net,9519722256,Masters,3402,HUMANITIES,Humanities & Liberal Arts,4
251,Katelyn,David,28,Male,warnergwendolyn@example.com,6303011615,Bachelors,3501,LIBRARY SCIENCE,Education,2
252,Dean,Conley,25,Male,michaelpedro@example.com,1263011615,Bachelors,3600,BIOLOGY,Biology & Life Science,3
253,Madeline,Wilkinson,27,Male,clarence52@example.com,5025150174,Bachelors,3601,BIOCHEMICAL SCIENCES,Biology & Life Science,5
254,Eddie,Krause,28,Female,fhanson@example.org,4225150174,Bachelors,3602,BOTANY,Biology & Life Science,2
255,Darryl,Kerr,24,Female,shanepope@example.org,2995150174,Masters,3603,MOLECULAR BIOLOGY,Biology & Life Science,2
256,Bridget,Stone,25,Female,mingram@example.net,7153089283,Bachelors,3604,ECOLOGY,Biology & Life Science,3
257,Stefanie,Schwartz,24,Female,navarrolucas@example.com,5416323803,Bachelors,3605,GENETICS,Biology & Life Science,2
258,Diana,Travis,28,Female,bishopkayla@example.org,9202178527,Masters,3606,MICROBIOLOGY,Biology & Life Science,1
259,Stacey,Cain,27,Female,hooverchad@example.com,6035188550,Bachelors,3607,PHARMACOLOGY,Biology & Life Science,5
260,Caitlyn,Kirk,27,Female,livingstontheresa@example.org,8035020707,Bachelors,3608,PHYSIOLOGY,Biology & Life Science,5
261,Dylan,Harris,28,Female,sgutierrez@example.com,2075842337,Bachelors,3609,ZOOLOGY,Biology & Life Science,1
262,Justin,Salas,27,Male,hatfieldluke@example.net,2532001707,Bachelors,3611,NEUROSCIENCE,Biology & Life Science,5
263,Theresa,Irwin,24,Female,sheaadrian@example.net,2532368632,Masters,3699,MISCELLANEOUS BIOLOGY,Biology & Life Science,2
264,Barbara,Chambers,26,Female,plyons@example.org,7064613208,Bachelors,3700,MATHEMATICS,Computers & Mathematics,4
265,Joan,Munoz,26,Male,smallroy@example.org,5027427770,Bachelors,3701,APPLIED MATHEMATICS,Computers & Mathematics,4
266,Stacy,Long,27,Male,theresabeltran@example.net,5888427770,Masters,3702,STATISTICS AND DECISION SCIENCE,Computers & Mathematics,5
267,Gregg,Spence,26,Male,carlosbrewer@example.net,3306208274,High School,3801,MILITARY TECHNOLOGIES,Industrial Arts & Consumer Services,4
268,Gene,Duffy,27,Male,sabbott@example.org,5183582222,Bachelors,4000,MULTI/INTERDISCIPLINARY STUDIES,Interdisciplinary,5
269,Nathaniel,Henry,24,Female,andreapotts@example.net,6084484013,Bachelors,4001,INTERCULTURAL AND INTERNATIONAL STUDIES,Humanities & Liberal Arts,2
270,Danny,Velazquez,26,Female,seaton@example.com,5034609025,Bachelors,4002,NUTRITION SCIENCES,Health,4
271,Maxwell,Everett,26,Female,freycandice@example.net,5034609025,Masters,4005,MATHEMATICS AND COMPUTER SCIENCE,Computers & Mathematics,4
272,Eugene,Newman,28,Female,rose48@example.net,5102178885,Masters,4006,COGNITIVE SCIENCE AND BIOPSYCHOLOGY,Biology & Life Science,2
273,Victoria,Moreno,28,Female,hornpaula@example.org,2108725589,Bachelors,4007,INTERDISCIPLINARY SOCIAL SCIENCES,Social Science,1
274,Cesar,Newton,25,Male,madeline19@example.net,7739882536,Masters,4101,PHYSICAL FITNESS PARKS RECREATION AND LEISURE,Industrial Arts & Consumer Services,3
275,Seth,George,28,Female,coreyparsons@example.net,9164367711,Bachelors,4801,PHILOSOPHY AND RELIGIOUS STUDIES,Humanities & Liberal Arts,1
276,Darrell,Norris,27,Female,bkaiser@example.net,9077805866,Bachelors,4901,THEOLOGY AND RELIGIOUS VOCATIONS,Humanities & Liberal Arts,5
277,Arthur,Khan,25,Male,christiandesiree@example.com,6419324085,Bachelors,5000,PHYSICAL SCIENCES,Physical Sciences,3
278,Sandra,Gould,28,Male,shafferjermaine@example.com,5173432202,Bachelors,5001,ASTRONOMY AND ASTROPHYSICS,Physical Sciences,1
279,Michael,Atkins,28,Male,candacemckenzie@example.org,8656049898,Bachelors,5002,ATMOSPHERIC SCIENCES AND METEOROLOGY,Physical Sciences,3
280,Tyrone,Swanson,28,Male,pearsonalexis@example.com,3866278909,Masters,5003,CHEMISTRY,Physical Sciences,2
281,Jocelyn,Brandt,25,Male,tommy53@example.net,3394278909,Bachelors,5004,GEOLOGY AND EARTH SCIENCE,Physical Sciences,3
282,Kristine,Macias,26,Female,natalie35@example.net,8022447744,Masters,5005,GEOSCIENCES,Physical Sciences,4
283,Patty,Fischer,25,Male,jorge83@example.com,7176342407,Bachelors,5006,OCEANOGRAPHY,Physical Sciences,3
284,Tasha,Madden,27,Female,vconley@example.org,6086633926,Masters,5007,PHYSICS,Physical Sciences,5
285,Hayley,Bender,24,Male,jlara@example.com,1278633926,PHD,5008,MATERIALS SCIENCE,Engineering,2
286,Molly,Davis,27,Female,newtonterri@example.com,4083907574,Masters,5098,MULTI-DISCIPLINARY OR GENERAL SCIENCE,Physical Sciences,5
287,Jeremiah,Roth,26,Female,dominic93@example.org,9254705280,Bachelors,5102,"NUCLEAR, INDUSTRIAL RADIOLOGY, AND BIOLOGICAL TECHNOLOGIES",Physical Sciences,4
288,Victor,Gaines,26,Female,autumnwarren@example.org,1290384280,Bachelors,5200,PSYCHOLOGY,Psychology & Social Work,4
289,Ross,Reilly,27,Male,lucasjeff@example.net,5052812828,Masters,5201,EDUCATIONAL PSYCHOLOGY,Psychology & Social Work,5
290,Caitlyn,Morrow,26,Female,leroy16@example.net,9223605280,Bachelors,5202,CLINICAL PSYCHOLOGY,Psychology & Social Work,4
291,Sonia,Swanson,24,Female,gwendolynhowell@example.org,3609392434,Bachelors,5203,COUNSELING PSYCHOLOGY,Psychology & Social Work,2
292,Frank,Koch,25,Female,emedina@example.net,6454705280,Masters,5205,INDUSTRIAL AND ORGANIZATIONAL PSYCHOLOGY,Psychology & Social Work,3
293,Warren,Huber,28,Male,angela64@example.com,8123404198,Bachelors,5206,SOCIAL PSYCHOLOGY,Psychology & Social Work,1
294,Robin,Browning,27,Female,xcontreras@example.com,9376122337,Bachelors,5299,MISCELLANEOUS PSYCHOLOGY,Psychology & Social Work,5
295,Jonathon,Walsh,26,Male,theodore83@example.net,5406672743,Masters,5301,CRIMINAL JUSTICE AND FIRE PROTECTION,Law & Public Policy,4
296,Clinton,Marsh,26,Male,dpalmer@example.org,8585499888,Bachelors,5401,PUBLIC ADMINISTRATION,Law & Public Policy,4
297,Gabriella,Zuniga,28,Male,joannfaulkner@example.com,5419723303,Bachelors,5402,PUBLIC POLICY,Law & Public Policy,2
298,Barbara,Armstrong,24,Male,flemingjessica@example.net,5419723303,Bachelors,5403,HUMAN SERVICES AND COMMUNITY ORGANIZATION,Psychology & Social Work,2
299,Carrie,Shepherd,28,Male,glorianorman@example.com,7572203670,Bachelors,5404,SOCIAL WORK,Psychology & Social Work,3
300,Sue,Parrish,27,Male,wigginsalicia@example.com,7189377494,Bachelors,5500,GENERAL SOCIAL SCIENCES,Social Science,5
301,Loretta,Cannon,26,Female,nielsenmarisa@example.com,8596946999,Bachelors,5501,ECONOMICS,Social Science,4
302,Nathan,Buck,28,Male,yabbott@example.com,8598813799,Bachelors,5502,ANTHROPOLOGY AND ARCHEOLOGY,Humanities & Liberal Arts,1
303,Alisha,Moses,27,Male,singhjulian@example.org,7752987001,Bachelors,5503,CRIMINOLOGY,Social Science,5
304,Cassie,Page,26,Female,alisha46@example.net,8592348999,Bachelors,5504,GEOGRAPHY,Social Science,4
305,Rebecca,West,26,Female,daltonjean@example.com,5058841116,Masters,5505,INTERNATIONAL RELATIONS,Social Science,4
306,Kathleen,Hahn,25,Male,jocelynmora@example.org,8596946349,PHD,5506,POLITICAL SCIENCE AND GOVERNMENT,Social Science,3
307,Lee,Salas,25,Female,randall60@example.net,8593494999,Masters,5507,SOCIOLOGY,Social Science,3
308,Mia,Nicholson,27,Female,ginahayes@example.org,8347946999,Bachelors,5599,MISCELLANEOUS SOCIAL SCIENCES,Social Science,5
309,Penny,Church,24,Male,brentsawyer@example.net,3122266300,Masters,5601,CONSTRUCTION SERVICES,Industrial Arts & Consumer Services,2
310,Ricky,Mathis,24,Male,wyatt40@example.net,7242891202,Bachelors,5701,"ELECTRICAL, MECHANICAL, AND PRECISION TECHNOLOGIES AND PRODUCTION",Industrial Arts & Consumer Services,2
311,Donna,Dickerson,28,Female,kathrynlam@example.net,9517412771,Masters,5901,TRANSPORTATION SCIENCES AND TECHNOLOGIES,Industrial Arts & Consumer Services,2
312,Joshua,Hudson,24,Male,arthuroconnor@example.org,2078785385,Bachelors,6000,FINE ARTS,Arts,2
313,Noah,Byrd,25,Male,deanellis@example.net,4129043732,Bachelors,6001,DRAMA AND THEATER ARTS,Arts,3
314,Stacy,Doyle,25,Female,aflynn@example.net,9713731253,Bachelors,6002,MUSIC,Arts,3
315,Sylvia,Barker,28,Female,mcclurekeith@example.net,6104337777,Masters,6003,VISUAL AND PERFORMING ARTS,Arts,2
316,Frances,Vaughn,26,Male,darius41@example.org,8652475355,Bachelors,6004,COMMERCIAL ART AND GRAPHIC DESIGN,Arts,4
317,Kirk,Melton,24,Male,fdyer@example.net,3525050990,Bachelors,6005,FILM VIDEO AND PHOTOGRAPHIC ARTS,Arts,2
318,Casey,Blevins,25,Female,francescobb@example.org,7634230939,Bachelors,6006,ART HISTORY AND CRITICISM,Humanities & Liberal Arts,3
319,Marcia,Navarro,26,Female,bbean@example.com,8592552337,Bachelors,6007,STUDIO ARTS,Arts,4
320,Alan,Avery,27,Male,kerrzoe@example.net,5135337118,Bachelors,6099,MISCELLANEOUS FINE ARTS,Arts,5
321,Kathleen,Guerrero,28,Female,blanchardfrances@example.net,9894620208,Bachelors,6100,GENERAL MEDICAL AND HEALTH SERVICES,Health,2
322,Jorge,Lawson,28,Female,alecfarmer@example.net,8169452589,Bachelors,6102,COMMUNICATION DISORDERS SCIENCES AND SERVICES,Health,2
323,Alexis,Parrish,24,Female,maureen58@example.com,4159326531,Masters,6103,HEALTH AND MEDICAL ADMINISTRATIVE SERVICES,Health,2
324,Terri,Golden,26,Male,tamihouston@example.com,8604139401,Bachelors,6104,MEDICAL ASSISTING SERVICES,Health,4
325,Sergio,Clements,26,Female,farleyparker@example.net,8085441605,Bachelors,6105,MEDICAL TECHNOLOGIES TECHNICIANS,Health,4
326,Ronald,Padilla,28,Female,patricia61@example.com,3475441605,Bachelors,6106,HEALTH AND MEDICAL PREPARATORY PROGRAMS,Health,1
327,Erin,Dunn,25,Female,jharrell@example.org,9094558707,Bachelors,6107,NURSING,Health,3
328,Nina,Bentley,24,Female,englishcarrie@example.net,9094558943,Masters,6108,PHARMACY PHARMACEUTICAL SCIENCES AND ADMINISTRATION,Health,2
329,Devin,Howard,28,Female,cassandra23@example.org,6503944728,Bachelors,6109,TREATMENT THERAPY PROFESSIONS,Health,2
330,Cheryl,Hardy,24,Male,singletonevan@example.net,3146212337,Bachelors,6110,COMMUNITY AND PUBLIC HEALTH,Health,2
331,Max,Compton,25,Female,harringtongabriella@example.org,9143566809,Masters,6199,MISCELLANEOUS HEALTH MEDICAL PROFESSIONS,Health,3
332,Jacqueline,Lindsey,28,Female,sherylmurray@example.com,6194452337,Bachelors,6200,GENERAL BUSINESS,Business,1
333,Bernard,Bright,24,Male,vcompton@example.net,5094769662,Bachelors,6201,ACCOUNTING,Business,2
334,Misty,Cardenas,26,Female,joanramsey@example.net,3038321245,Bachelors,6202,ACTUARIAL SCIENCE,Business,4
335,Bernard,Yoder,27,Male,arussell@example.com,6083523373,Bachelors,6203,BUSINESS MANAGEMENT AND ADMINISTRATION,Business,5
336,Kaylee,Mckinney,24,Female,caitlynkelley@example.com,6197957300,Bachelors,6204,OPERATIONS LOGISTICS AND E-COMMERCE,Business,2
337,Antonio,Mayer,27,Female,gonzalesmichael@example.net,9254432337,Bachelors,6205,BUSINESS ECONOMICS,Business,5
338,Robin,Johnson,24,Female,nancygardner@example.org,3319015949,Bachelors,6206,MARKETING AND MARKETING RESEARCH,Business,2
339,Terrence,Durham,24,Female,kelly02@example.com,6305419558,Bachelors,6207,FINANCE,Business,2
340,Angelica,Rubio,27,Male,ritterjoanne@example.org,3038025340,Bachelors,6209,HUMAN RESOURCES AND PERSONNEL MANAGEMENT,Business,5
341,Cameron,Walsh,26,Male,chamberscheyenne@example.org,3077214031,Bachelors,6210,INTERNATIONAL BUSINESS,Business,4
342,Brent,Everett,24,Female,ccalderon@example.net,5126679537,Bachelors,6211,HOSPITALITY MANAGEMENT,Business,2
343,Nathan,Walter,24,Male,pnguyen@example.net,7742418022,Bachelors,6212,MANAGEMENT INFORMATION SYSTEMS AND STATISTICS,Business,2
344,Kaitlin,Robbins,24,Female,joanna77@example.com,8303042337,Bachelors,6299,MISCELLANEOUS BUSINESS & MEDICAL ADMINISTRATION,Business,2
345,Ernest,Watson,28,Female,kelliemckay@example.com,8303249583,Bachelors,6402,HISTORY,Humanities & Liberal Arts,3
346,Kristin,Bush,27,Male,kenneth37@example.net,8316552337,Bachelors,6403,UNITED STATES HISTORY,Humanities & Liberal Arts,5
347,Jeremy,Collins,27,Male,rmcmahon@example.org,8603572039,Bachelors,1100,GENERAL AGRICULTURE,Agriculture & Natural Resources,5
348,Sue,Butler,27,Female,ybeck@example.org,2095071900,Masters,1101,AGRICULTURE PRODUCTION AND MANAGEMENT,Agriculture & Natural Resources,5
349,Alex,Price,24,Female,baxtergreg@example.com,2095837900,Bachelors,1102,AGRICULTURAL ECONOMICS,Agriculture & Natural Resources,2
350,Allison,Hodge,26,Female,lynningram@example.org,3042793861,Bachelors,1103,ANIMAL SCIENCES,Agriculture & Natural Resources,4
351,Andrew,Miles,26,Male,perkinscourtney@example.net,5038281400,Bachelors,1104,FOOD SCIENCE,Agriculture & Natural Resources,4
352,Johnathan,Grant,25,Male,mtaylor@example.com,5857863559,Bachelors,1105,PLANT SCIENCE AND AGRONOMY,Agriculture & Natural Resources,3
353,Dustin,Holland,26,Female,stanley10@example.org,7142962550,Bachelors,1106,SOIL SCIENCE,Agriculture & Natural Resources,4
354,Christie,Sanchez,28,Female,sean18@example.net,9043106088,Bachelors,1199,MISCELLANEOUS AGRICULTURE,Agriculture & Natural Resources,2
355,Eric,Dixon,25,Male,fvelazquez@example.com,9043106845,Bachelors,1301,ENVIRONMENTAL SCIENCE,Biology & Life Science,3
356,Marisa,Mills,25,Female,katrinaowens@example.com,2692171920,Bachelors,1302,FORESTRY,Agriculture & Natural Resources,3
357,Terrance,Allison,26,Female,april89@example.net,4257741717,Masters,1303,NATURAL RESOURCES MANAGEMENT,Agriculture & Natural Resources,4
358,Max,Ayers,28,Male,ellisonpamela@example.org,7344627659,Masters,1401,ARCHITECTURE,Engineering,1
359,Adrian,Howard,25,Male,mooneymichele@example.com,7344627236,Masters,1501,AREA ETHNIC AND CIVILIZATION STUDIES,Humanities & Liberal Arts,3
360,Leonard,Moran,26,Female,kristen44@example.com,7729344266,Bachelors,1901,COMMUNICATIONS,Communications & Journalism,4
361,Cathy,Turner,26,Male,grant37@example.net,9189494318,Bachelors,1902,JOURNALISM,Communications & Journalism,4
362,Penny,Holmes,27,Female,mosborne@example.net,9189494230,Bachelors,1903,MASS MEDIA,Communications & Journalism,5
363,Philip,Dyer,27,Female,brianapeterson@example.org,8164147435,Bachelors,1904,ADVERTISING AND PUBLIC RELATIONS,Communications & Journalism,5
364,Danielle,Mcgee,24,Female,ztanner@example.org,7152685226,Bachelors,2001,COMMUNICATION TECHNOLOGIES,Computers & Mathematics,2
365,Vernon,Alexander,26,Female,ramosbarry@example.net,4132534400,Masters,2100,COMPUTER AND INFORMATION SYSTEMS,Computers & Mathematics,4
366,Crystal,Mooney,28,Female,colemanmindy@example.org,8047221667,Bachelors,2101,COMPUTER PROGRAMMING AND DATA PROCESSING,Computers & Mathematics,2
367,Reginald,Spence,24,Female,greg37@example.com,4144856705,Bachelors,2102,COMPUTER SCIENCE,Computers & Mathematics,2
368,Gerald,Ballard,25,Male,emoreno@example.com,9782430875,Masters,2105,INFORMATION SCIENCES,Computers & Mathematics,3
369,Connie,Weiss,25,Female,qgomez@example.org,6195871400,Bachelors,2106,COMPUTER ADMINISTRATION MANAGEMENT AND SECURITY,Computers & Mathematics,3
370,Melinda,Bates,28,Male,monicabright@example.org,6503804220,Bachelors,2107,COMPUTER NETWORKING AND TELECOMMUNICATIONS,Computers & Mathematics,2
371,Kristen,West,28,Male,vwilson@example.com,4164872337,Bachelors,2201,COSMETOLOGY SERVICES AND CULINARY ARTS,Industrial Arts & Consumer Services,3
372,Samantha,Pruitt,27,Female,allisonjeremy@example.org,8056432337,Masters,2300,GENERAL EDUCATION,Education,5
373,Chase,Raymond,26,Female,pennynorman@example.org,3605881720,Bachelors,2301,EDUCATIONAL ADMINISTRATION AND SUPERVISION,Education,4
374,Dawn,Hayes,25,Female,ycurry@example.net,7147801888,Masters,2303,SCHOOL STUDENT COUNSELING,Education,3
375,Kristen,Sharp,28,Male,tommaldonado@example.net,7742296300,Bachelors,2304,ELEMENTARY EDUCATION,Education,3
376,Xavier,Farley,26,Female,luisstewart@example.com,5037060448,Bachelors,2305,MATHEMATICS TEACHER EDUCATION,Education,4
377,Seth,Castro,24,Male,willie10@example.net,4158638350,High School,2306,PHYSICAL AND HEALTH EDUCATION TEACHING,Education,2
378,Jenna,Lozano,27,Male,vclark@example.com,9073605104,Bachelors,2307,EARLY CHILDHOOD EDUCATION,Education,5
379,Tina,Burke,26,Female,singletonchase@example.org,9044299654,Bachelors,2308,SCIENCE AND COMPUTER TEACHER EDUCATION,Education,4
380,Bill,Obrien,24,Female,mezayvonne@example.net,6464505852,Bachelors,2309,SECONDARY TEACHER EDUCATION,Education,2
381,Arthur,Patrick,28,Male,kristina78@example.net,1364505852,Bachelors,2310,SPECIAL NEEDS EDUCATION,Education,2
382,Katelyn,Morrow,25,Male,brocksabrina@example.net,1348058520,Bachelors,2311,SOCIAL SCIENCE OR HISTORY TEACHER EDUCATION,Education,3
383,Neil,Benson,27,Female,goodwinmonica@example.net,7078952337,Bachelors,2312,TEACHER EDUCATION: MULTIPLE LEVELS,Education,5
384,Ryan,Hawkins,28,Male,emilytaylor@example.org,6464505823,Bachelors,2313,LANGUAGE AND DRAMA EDUCATION,Education,3
385,Donna,Simmons,26,Male,christian15@example.org,2077633305,Bachelors,2314,ART AND MUSIC EDUCATION,Education,4
386,Helen,Middleton,24,Male,howardsosa@example.com,8283212006,Bachelors,2399,MISCELLANEOUS EDUCATION,Education,2
387,Alejandra,Petersen,27,Male,kentroth@example.net,2136221261,Bachelors,2400,GENERAL ENGINEERING,Engineering,5
388,Daisy,Keller,26,Female,hware@example.net,3168419327,Bachelors,2401,AEROSPACE ENGINEERING,Engineering,4
389,Stefanie,Novak,28,Female,vgarcia@example.net,8138921651,Bachelors,2402,BIOLOGICAL ENGINEERING,Engineering,2
390,Antonio,Reynolds,24,Female,douglasrusso@example.com,8624329003,Bachelors,2403,ARCHITECTURAL ENGINEERING,Engineering,2
391,Katie,Hodge,24,Male,rachel53@example.net,8035707470,Bachelors,2404,BIOMEDICAL ENGINEERING,Engineering,2
392,Billy,Galloway,28,Male,michealweeks@example.org,4062523370,Bachelors,2405,CHEMICAL ENGINEERING,Engineering,3
393,Brendan,Hartman,27,Female,brett88@example.com,3235300015,Bachelors,2406,CIVIL ENGINEERING,Engineering,5
394,Sabrina,Kent,26,Male,cassidy86@example.org,3235301111,Bachelors,2407,COMPUTER ENGINEERING,Engineering,4
395,Phyllis,Gutierrez,25,Male,rmckee@example.com,9704558800,Bachelors,2408,ELECTRICAL ENGINEERING,Engineering,3
396,Jim,Haley,25,Male,jermaine16@example.org,7159343055,PHD,2409,ENGINEERING MECHANICS PHYSICS AND SCIENCE,Engineering,3
397,Vernon,Mccann,25,Male,aprilwagner@example.org,4056737713,Bachelors,2410,ENVIRONMENTAL ENGINEERING,Engineering,3
398,Isabella,Weber,28,Male,gcoleman@example.org,3362582251,Bachelors,2411,GEOLOGICAL AND GEOPHYSICAL ENGINEERING,Engineering,1
399,Russell,Burgess,26,Male,dakotamelton@example.net,3145772000,Bachelors,2412,INDUSTRIAL AND MANUFACTURING ENGINEERING,Engineering,4
400,Maria,Whitney,26,Female,rioskrystal@example.net,9704904500,Masters,2413,MATERIALS ENGINEERING AND MATERIALS SCIENCE,Engineering,4
401,Cindy,Cortez,27,Female,haydenjustin@example.org,8189895300,Bachelors,2414,MECHANICAL ENGINEERING,Engineering,5
402,Penny,Hester,24,Female,aberg@example.com,3156354000,Bachelors,2415,METALLURGICAL ENGINEERING,Engineering,2
403,Jorge,Rowe,24,Male,zchung@example.org,7703862000,Bachelors,2416,MINING AND MINERAL ENGINEERING,Engineering,2
404,Perry,Raymond,26,Female,nataliecosta@example.com,6148886644,Bachelors,2417,NAVAL ARCHITECTURE AND MARINE ENGINEERING,Engineering,4
405,Linda,Ballard,26,Male,taminelson@example.com,7074292000,Bachelors,2418,NUCLEAR ENGINEERING,Engineering,4
406,Todd,Bryan,24,Male,pittsdarrell@example.com,7136752311,Bachelors,2419,PETROLEUM ENGINEERING,Engineering,2
407,Chelsea,Todd,25,Female,monroebeth@example.com,9047510700,Masters,2499,MISCELLANEOUS ENGINEERING,Engineering,3
408,Jorge,Barron,28,Female,destiny05@example.org,6038896631,Bachelors,2500,ENGINEERING TECHNOLOGIES,Engineering,2
409,Barbara,Fry,24,Female,debra99@example.org,9736457700,Bachelors,2501,ENGINEERING AND INDUSTRIAL MANAGEMENT,Engineering,2
410,Rebekah,Poole,26,Female,patrickalan@example.com,7572533600,Bachelors,2502,ELECTRICAL ENGINEERING TECHNOLOGY,Engineering,4
411,Riley,Hayes,25,Female,darrell87@example.org,9704038850,Bachelors,2503,INDUSTRIAL PRODUCTION TECHNOLOGIES,Engineering,3
412,Sydney,Hooper,25,Male,buckleymeagan@example.org,2394511223,Masters,2504,MECHANICAL ENGINEERING RELATED TECHNOLOGIES,Engineering,3
413,Tonya,Ford,25,Male,kimwayne@example.org,9164757580,Bachelors,2599,MISCELLANEOUS ENGINEERING TECHNOLOGIES,Engineering,3
414,Kathy,Mcintyre,26,Male,hmoreno@example.com,4056040446,Bachelors,2601,LINGUISTICS AND COMPARATIVE LANGUAGE AND LITERATURE,Humanities & Liberal Arts,4
415,Holly,Mueller,26,Female,campbellleon@example.org,3017915915,Masters,2602,FRENCH GERMAN LATIN AND OTHER COMMON FOREIGN LANGUAGE STUDIES,Humanities & Liberal Arts,4
416,Duane,Prince,27,Female,diamondgrimes@example.net,3467915915,Bachelors,2603,OTHER FOREIGN LANGUAGES,Humanities & Liberal Arts,5
417,Patricia,Singh,28,Female,tommy90@example.com,3017912345,Masters,2901,FAMILY AND CONSUMER SCIENCES,Industrial Arts & Consumer Services,2
418,Johnathan,Baird,25,Male,ovelez@example.com,9039267741,Bachelors,3201,COURT REPORTING,Law & Public Policy,3
419,Tonya,Montgomery,24,Female,leoncarly@example.org,8176619443,Bachelors,3202,PRE-LAW AND LEGAL STUDIES,Law & Public Policy,2
420,Austin,Hatfield,28,Male,peter30@example.net,3085689433,Bachelors,3301,ENGLISH LANGUAGE AND LITERATURE,Humanities & Liberal Arts,1
421,Glenn,Frey,27,Male,oneal@example.org,8163135039,Bachelors,3302,COMPOSITION AND RHETORIC,Humanities & Liberal Arts,5
422,Erica,Duran,26,Female,katiewheeler@example.org,2438585039,Bachelors,3401,LIBERAL ARTS,Humanities & Liberal Arts,4
423,Evan,Booker,27,Female,paigebooth@example.org,4342588761,Bachelors,3402,HUMANITIES,Humanities & Liberal Arts,5
424,Cynthia,Huynh,27,Female,spencesean@example.org,5025894843,Bachelors,3501,LIBRARY SCIENCE,Education,5
425,Kristy,Hickman,27,Female,kirkhughes@example.org,4849736064,Bachelors,3600,BIOLOGY,Biology & Life Science,5
426,Sean,Shelton,25,Female,mccarthyvernon@example.com,7173982419,PHD,3601,BIOCHEMICAL SCIENCES,Biology & Life Science,3
427,Richard,Wolfe,27,Male,carolwaller@example.com,7172211080,Bachelors,3602,BOTANY,Biology & Life Science,5
428,Connor,Acevedo,26,Male,lholloway@example.com,7172211080,Bachelors,3603,MOLECULAR BIOLOGY,Biology & Life Science,4
429,Judith,Davis,24,Male,rwilkins@example.com,7177954660,Masters,3604,ECOLOGY,Biology & Life Science,2
430,Grant,Payne,28,Male,lopezevan@example.org,8282631111,PHD,3605,GENETICS,Biology & Life Science,3
431,Kelli,Downs,26,Female,jwelch@example.net,8282631111,Masters,3606,MICROBIOLOGY,Biology & Life Science,4
432,Brandi,Frost,27,Male,dawsonroy@example.com,4792874344,Masters,3607,PHARMACOLOGY,Biology & Life Science,5
433,Carolyn,Dodson,27,Female,howardjesus@example.org,9203649931,PHD,3608,PHYSIOLOGY,Biology & Life Science,5
434,Jesus,Cervantes,28,Male,joannmccormick@example.com,4016814321,Masters,3609,ZOOLOGY,Biology & Life Science,1
435,Louis,Key,27,Male,sethhogan@example.com,5123532739,Bachelors,3611,NEUROSCIENCE,Biology & Life Science,5
436,Linda,Mckenzie,26,Female,yesenia35@example.net,5084442155,Bachelors,3699,MISCELLANEOUS BIOLOGY,Biology & Life Science,4
437,Stanley,Reeves,26,Male,pknox@example.com,3306066583,Masters,3700,MATHEMATICS,Computers & Mathematics,4
438,Breanna,Hayden,27,Male,istanton@example.com,3348766583,Masters,3701,APPLIED MATHEMATICS,Computers & Mathematics,5
439,Don,Conrad,26,Female,jane00@example.org,2374066583,Bachelors,3702,STATISTICS AND DECISION SCIENCE,Computers & Mathematics,4
440,Kyle,Pollard,27,Male,danielle05@example.com,7342131393,Masters,3801,MILITARY TECHNOLOGIES,Industrial Arts & Consumer Services,5
441,Candace,Stevens,27,Male,lalvarado@example.net,7344802739,Bachelors,4000,MULTI/INTERDISCIPLINARY STUDIES,Interdisciplinary,5
442,Loretta,Price,25,Female,onixon@example.com,2692760458,Bachelors,4001,INTERCULTURAL AND INTERNATIONAL STUDIES,Humanities & Liberal Arts,3
443,Sandy,Conrad,27,Female,aortiz@example.com,6605846661,Bachelors,4002,NUTRITION SCIENCES,Health,5
444,Noah,Gates,25,Male,jade86@example.com,6505846661,Bachelors,4005,MATHEMATICS AND COMPUTER SCIENCE,Computers & Mathematics,3
445,Perry,Tran,28,Male,boonejessica@example.org,3974846661,Bachelors,4006,COGNITIVE SCIENCE AND BIOPSYCHOLOGY,Biology & Life Science,1
446,Cody,Davidson,24,Female,jaredschmitt@example.com,5412470555,Masters,4007,INTERDISCIPLINARY SOCIAL SCIENCES,Social Science,2
447,Nicholas,Yoder,25,Male,fmckinney@example.org,7142588817,Bachelors,4101,PHYSICAL FITNESS PARKS RECREATION AND LEISURE,Industrial Arts & Consumer Services,3
448,Jeffery,Tucker,25,Female,qthompson@example.org,6786532739,Bachelors,4801,PHILOSOPHY AND RELIGIOUS STUDIES,Humanities & Liberal Arts,3
449,Jacob,Johns,27,Female,breannaharper@example.org,8285054177,Bachelors,4901,THEOLOGY AND RELIGIOUS VOCATIONS,Humanities & Liberal Arts,5
450,Daniel,Ali,26,Male,traci35@example.com,2693320718,Bachelors,5000,PHYSICAL SCIENCES,Physical Sciences,4
451,Mia,Pacheco,26,Male,ocox@example.net,5187964977,High School,5001,ASTRONOMY AND ASTROPHYSICS,Physical Sciences,4
452,Caroline,Dudley,24,Female,ricebeverly@example.net,8043591605,Bachelors,5002,ATMOSPHERIC SCIENCES AND METEOROLOGY,Physical Sciences,2
453,Elijah,Cole,25,Female,stevesellers@example.net,1314323553,Bachelors,5003,CHEMISTRY,Physical Sciences,3
454,April,Dodson,25,Female,haydenbrady@example.com,3027318200,Bachelors,5004,GEOLOGY AND EARTH SCIENCE,Physical Sciences,3
455,Bryan,Stark,24,Female,mlambert@example.com,7739414050,PHD,5005,GEOSCIENCES,Physical Sciences,2
456,Katie,Gill,27,Female,kathyvalencia@example.com,5183387405,Bachelors,5006,OCEANOGRAPHY,Physical Sciences,5
457,Patricia,Page,25,Female,davenportelizabeth@example.org,520369342,Bachelors,5007,PHYSICS,Physical Sciences,3
458,Herbert,Salinas,26,Male,bobby30@example.org,4804972739,Bachelors,5008,MATERIALS SCIENCE,Engineering,4
459,Kelsey,Warren,24,Male,weberjudy@example.net,7272707117,Masters,5098,MULTI-DISCIPLINARY OR GENERAL SCIENCE,Physical Sciences,2
460,Tonya,Duffy,26,Male,randy02@example.com,9077462337,Bachelors,5102,"NUCLEAR, INDUSTRIAL RADIOLOGY, AND BIOLOGICAL TECHNOLOGIES",Physical Sciences,4
461,Donald,Pratt,24,Male,phillip46@example.com,9077434337,Bachelors,5200,PSYCHOLOGY,Psychology & Social Work,2
462,Don,Lawrence,24,Female,omullins@example.net,5032234141,Masters,5201,EDUCATIONAL PSYCHOLOGY,Psychology & Social Work,2
463,Theodore,Adkins,25,Female,bcuevas@example.org,4754413759,Bachelors,5202,CLINICAL PSYCHOLOGY,Psychology & Social Work,3
464,Shaun,Simmons,28,Male,manuel65@example.org,9405804446,Bachelors,5203,COUNSELING PSYCHOLOGY,Psychology & Social Work,1
465,Austin,Cisneros,28,Female,ashleepatrick@example.org,5102304966,Bachelors,5205,INDUSTRIAL AND ORGANIZATIONAL PSYCHOLOGY,Psychology & Social Work,3
466,Ross,Hunt,28,Male,jpennington@example.org,4028901550,Masters,5206,SOCIAL PSYCHOLOGY,Psychology & Social Work,2
467,Linda,Henson,26,Male,sarabarrera@example.com,6509898447,Bachelors,5299,MISCELLANEOUS PSYCHOLOGY,Psychology & Social Work,4
468,Willie,Watkins,24,Male,vangkim@example.com,3129522339,Masters,5301,CRIMINAL JUSTICE AND FIRE PROTECTION,Law & Public Policy,2
469,Bryce,Greene,25,Female,coreyeverett@example.org,6264832667,Bachelors,5401,PUBLIC ADMINISTRATION,Law & Public Policy,3
470,Jaime,Schmitt,27,Male,ebenjamin@example.net,8157176068,PHD,5402,PUBLIC POLICY,Law & Public Policy,5
471,Zachary,Mcintosh,28,Male,wesley61@example.org,8452530389,Masters,5403,HUMAN SERVICES AND COMMUNITY ORGANIZATION,Psychology & Social Work,2
472,Mike,Duncan,28,Male,edwardhenderson@example.com,6303456274,Bachelors,5404,SOCIAL WORK,Psychology & Social Work,3
473,Pam,Weiss,27,Female,isaiah50@example.net,9494297805,Bachelors,5500,GENERAL SOCIAL SCIENCES,Social Science,5
474,Brittney,Juarez,24,Male,xburns@example.org,2157402057,Bachelors,5501,ECONOMICS,Social Science,2
475,Mia,Odom,28,Female,churchjeremiah@example.org,7322447566,Bachelors,5502,ANTHROPOLOGY AND ARCHEOLOGY,Humanities & Liberal Arts,1
476,Casey,Weber,26,Male,alan77@example.org,5185942337,Bachelors,5503,CRIMINOLOGY,Social Science,4
477,Aimee,Khan,28,Male,breannadaugherty@example.com,5123452337,Bachelors,5504,GEOGRAPHY,Social Science,3
478,Nathaniel,Wall,27,Female,caroline04@example.net,1903733111,Masters,5505,INTERNATIONAL RELATIONS,Social Science,5
479,Jackie,Zhang,25,Male,robynmorse@example.org,8147251079,Masters,5506,POLITICAL SCIENCE AND GOVERNMENT,Social Science,3
480,Madison,Richmond,25,Male,lynchzachary@example.com,6162240086,Masters,5507,SOCIOLOGY,Social Science,3
481,Carly,Hicks,27,Male,uli@example.net,7324555571,Masters,5599,MISCELLANEOUS SOCIAL SCIENCES,Social Science,5
482,Antonio,Russell,24,Male,lynnroy@example.com,2483082093,Bachelors,5601,CONSTRUCTION SERVICES,Industrial Arts & Consumer Services,2
483,Valerie,Valencia,24,Male,tracey16@example.com,6158282218,Bachelors,5701,"ELECTRICAL, MECHANICAL, AND PRECISION TECHNOLOGIES AND PRODUCTION",Industrial Arts & Consumer Services,2
484,Tommy,Lambert,26,Male,tmoses@example.org,8886350291,Bachelors,5901,TRANSPORTATION SCIENCES AND TECHNOLOGIES,Industrial Arts & Consumer Services,4
485,Norma,Brooks,24,Female,gregorypalmer@example.org,3035301381,Bachelors,6000,FINE ARTS,Arts,2
486,Philip,Jordan,24,Female,cmalone@example.com,8282554077,Masters,6001,DRAMA AND THEATER ARTS,Arts,2
487,Mandy,Levine,25,Female,caseian@example.com,3602187519,Bachelors,6002,MUSIC,Arts,3
488,Margaret,Stein,26,Male,vbray@example.com,1232187519,Bachelors,6003,VISUAL AND PERFORMING ARTS,Arts,4
489,Dean,Pennington,24,Female,jhaynes@example.com,3602344106,Bachelors,6004,COMMERCIAL ART AND GRAPHIC DESIGN,Arts,2
490,Clifford,Lutz,25,Female,ytodd@example.org,3603934106,Bachelors,6005,FILM VIDEO AND PHOTOGRAPHIC ARTS,Arts,3
491,Rita,Singleton,28,Male,marciacannon@example.net,3603934106,PHD,6006,ART HISTORY AND CRITICISM,Humanities & Liberal Arts,1
492,Kathy,Knapp,24,Female,icook@example.net,7037875766,Bachelors,6007,STUDIO ARTS,Arts,2
493,Alexandria,Daniel,24,Male,zacharyprice@example.com,2026292220,Bachelors,6099,MISCELLANEOUS FINE ARTS,Arts,2
494,Angelica,Sandoval,27,Male,dlin@example.net,9709202739,Bachelors,6100,GENERAL MEDICAL AND HEALTH SERVICES,Health,5
495,Mackenzie,Mcmillan,25,Male,hayley39@example.com,2032539423,Bachelors,6102,COMMUNICATION DISORDERS SCIENCES AND SERVICES,Health,3
496,Mia,Cook,27,Female,landrews@example.com,9805050399,Masters,6103,HEALTH AND MEDICAL ADMINISTRATIVE SERVICES,Health,5
497,April,Frost,27,Female,curtisroy@example.org,5037299080,Bachelors,6104,MEDICAL ASSISTING SERVICES,Health,5
498,Cassidy,Stevens,28,Male,jessica64@example.org,6102452178,Bachelors,6105,MEDICAL TECHNOLOGIES TECHNICIANS,Health,3
499,Martin,Greene,25,Male,lfloyd@example.org,5037413040,Bachelors,6106,HEALTH AND MEDICAL PREPARATORY PROGRAMS,Health,3
500,Michele,Nielsen,26,Male,hooverjared@example.org,7135341067,Bachelors,6107,NURSING,Health,4
501,Brett,Brown,25,Male,chase08@example.org,3012739684,Bachelors,6108,PHARMACY PHARMACEUTICAL SCIENCES AND ADMINISTRATION,Health,3
502,Darrell,Neal,25,Male,quinngloria@example.org,7023754968,Bachelors,6109,TREATMENT THERAPY PROFESSIONS,Health,3
503,Shelley,Bowers,25,Male,taylor07@example.com,9494495191,Bachelors,6110,COMMUNITY AND PUBLIC HEALTH,Health,3
504,Cristian,Myers,28,Female,dshea@example.com,9167362267,Bachelors,6199,MISCELLANEOUS HEALTH MEDICAL PROFESSIONS,Health,2
505,Traci,Boyle,27,Female,parsonsshirley@example.com,4253240039,Bachelors,6200,GENERAL BUSINESS,Business,5
506,Jessica,Caldwell,26,Female,vcoleman@example.org,6097072628,Bachelors,6201,ACCOUNTING,Business,4
507,Johnathan,Randolph,28,Male,lucasjoanne@example.org,9039527493,Masters,6202,ACTUARIAL SCIENCE,Business,2
508,Natasha,Love,27,Male,robynchoi@example.com,2032730422,Bachelors,6203,BUSINESS MANAGEMENT AND ADMINISTRATION,Business,5
509,Tony,English,25,Female,vmorton@example.com,9048948426,Masters,6204,OPERATIONS LOGISTICS AND E-COMMERCE,Business,3
510,Carlos,Rowland,28,Male,colonbarry@example.org,2072882337,Bachelors,6205,BUSINESS ECONOMICS,Business,2
511,Russell,Fleming,24,Female,yuethan@example.net,2072884592,Bachelors,6206,MARKETING AND MARKETING RESEARCH,Business,2
512,Gloria,Dougherty,24,Female,nancy13@example.com,2028320420,Bachelors,6207,FINANCE,Business,2
513,Justin,Burton,28,Male,tommy71@example.net,2025252001,Bachelors,6209,HUMAN RESOURCES AND PERSONNEL MANAGEMENT,Business,1
514,Austin,Clements,24,Female,rtate@example.org,8634120917,Bachelors,6210,INTERNATIONAL BUSINESS,Business,2
515,Ray,Cobb,27,Female,pamela75@example.net,5099465465,Bachelors,6211,HOSPITALITY MANAGEMENT,Business,5
516,Kara,Proctor,24,Female,marksmakayla@example.org,9192371253,Bachelors,6212,MANAGEMENT INFORMATION SYSTEMS AND STATISTICS,Business,2
517,Allison,Hess,25,Male,pedro42@example.org,7192664200,Bachelors,6299,MISCELLANEOUS BUSINESS & MEDICAL ADMINISTRATION,Business,3
518,Sonya,Morales,28,Male,ritabaldwin@example.net,3013388229,Bachelors,6402,HISTORY,Humanities & Liberal Arts,3
519,Bryce,Hansen,25,Male,ortegajoyce@example.org,7082047376,Bachelors,6403,UNITED STATES HISTORY,Humanities & Liberal Arts,3
520,Charlene,Wolfe,27,Female,zbradford@example.com,3138779205,Bachelors,1100,GENERAL AGRICULTURE,Agriculture & Natural Resources,5
521,Kristopher,Patel,27,Female,downsmonique@example.net,6166493020,Bachelors,1101,AGRICULTURE PRODUCTION AND MANAGEMENT,Agriculture & Natural Resources,5
522,Terry,Conley,24,Female,rlong@example.com,3133445104,Masters,1102,AGRICULTURAL ECONOMICS,Agriculture & Natural Resources,2
523,Darrell,Wagner,24,Female,vmorrow@example.org,3603996239,Masters,1103,ANIMAL SCIENCES,Agriculture & Natural Resources,2
524,Desiree,Singleton,25,Female,staciemccall@example.org,7018330567,Bachelors,1104,FOOD SCIENCE,Agriculture & Natural Resources,3
525,Shelly,Lane,24,Female,claudiadennis@example.org,5308852537,Masters,1105,PLANT SCIENCE AND AGRONOMY,Agriculture & Natural Resources,2
526,Logan,Dean,25,Female,blevinsmichelle@example.com,2609081074,Bachelors,1106,SOIL SCIENCE,Agriculture & Natural Resources,3
527,Marisa,Shaffer,24,Female,carolyn45@example.net,6239851074,Bachelors,1199,MISCELLANEOUS AGRICULTURE,Agriculture & Natural Resources,2
528,Bob,Valencia,28,Male,spencermercedes@example.net,3602948742,Bachelors,1301,ENVIRONMENTAL SCIENCE,Biology & Life Science,3
529,Stacy,Simon,28,Female,ejoyce@example.com,5073545528,Bachelors,1302,FORESTRY,Agriculture & Natural Resources,2
530,Phillip,Burgess,24,Male,kfowler@example.net,6362395010,PHD,1303,NATURAL RESOURCES MANAGEMENT,Agriculture & Natural Resources,2
531,Paige,Warren,26,Female,holdenstacy@example.net,3167215554,Masters,1401,ARCHITECTURE,Engineering,4
532,Christy,Ball,25,Female,jordankathleen@example.com,7242608737,Masters,1501,AREA ETHNIC AND CIVILIZATION STUDIES,Humanities & Liberal Arts,3
533,Catherine,Stanton,28,Female,bradley15@example.org,2309608737,Bachelors,1901,COMMUNICATIONS,Communications & Journalism,3
534,Zoe,Huber,25,Male,ariel32@example.org,3152443295,Bachelors,1902,JOURNALISM,Communications & Journalism,3
535,Joyce,Robertson,28,Male,cathy60@example.net,5128212494,Bachelors,1903,MASS MEDIA,Communications & Journalism,3
536,Rhonda,Macias,25,Male,mckeedanny@example.org,9893402300,Masters,1904,ADVERTISING AND PUBLIC RELATIONS,Communications & Journalism,3
537,Allen,Ross,28,Female,zortega@example.com,2072001994,Masters,2001,COMMUNICATION TECHNOLOGIES,Computers & Mathematics,2
538,Roberto,Shannon,26,Male,faulknerrobert@example.org,1234501994,High School,2100,COMPUTER AND INFORMATION SYSTEMS,Computers & Mathematics,4
539,Shaun,Rocha,25,Male,toddherbert@example.org,6192007522,Masters,2101,COMPUTER PROGRAMMING AND DATA PROCESSING,Computers & Mathematics,3
540,Luis,Meadows,25,Female,sawyerjasmin@example.org,9703875282,Masters,2102,COMPUTER SCIENCE,Computers & Mathematics,3
541,Chad,Copeland,25,Male,qjennings@example.com,9705912700,Bachelors,2105,INFORMATION SCIENCES,Computers & Mathematics,3
542,Judy,Hayden,24,Male,ambermolina@example.com,9702342700,Bachelors,2106,COMPUTER ADMINISTRATION MANAGEMENT AND SECURITY,Computers & Mathematics,2
543,Johnny,Oconnell,26,Male,tgallegos@example.net,9195672337,Masters,2107,COMPUTER NETWORKING AND TELECOMMUNICATIONS,Computers & Mathematics,4
544,Tamara,Gentry,24,Male,xholt@example.com,9865672337,Bachelors,2201,COSMETOLOGY SERVICES AND CULINARY ARTS,Industrial Arts & Consumer Services,2
545,Keith,Griffin,28,Male,unavarro@example.com,2057775456,Bachelors,2300,GENERAL EDUCATION,Education,2
546,Angelica,Humphrey,28,Female,kwaters@example.org,3087775456,Masters,2301,EDUCATIONAL ADMINISTRATION AND SUPERVISION,Education,2
547,Derrick,Gomez,27,Male,srichmond@example.net,2486137002,Bachelors,2303,SCHOOL STUDENT COUNSELING,Education,5
548,Shelly,Irwin,27,Male,schaeferchristian@example.org,7605987720,Masters,2304,ELEMENTARY EDUCATION,Education,5
549,Brady,Meza,27,Male,shelleyhanna@example.net,3619926671,Bachelors,2305,MATHEMATICS TEACHER EDUCATION,Education,5
550,Yvette,Lutz,26,Male,sandra10@example.com,7036234542,Bachelors,2306,PHYSICAL AND HEALTH EDUCATION TEACHING,Education,4
551,Colleen,Larsen,27,Male,mckeeparker@example.org,9364474677,Masters,2307,EARLY CHILDHOOD EDUCATION,Education,5
552,Rodney,Walsh,28,Female,vfisher@example.com,2819353018,Bachelors,2308,SCIENCE AND COMPUTER TEACHER EDUCATION,Education,3
553,Sylvia,Ashley,26,Female,ricesydney@example.org,4433913847,Bachelors,2309,SECONDARY TEACHER EDUCATION,Education,4
554,Natalie,Hall,27,Male,pfuller@example.net,6163562000,Bachelors,2310,SPECIAL NEEDS EDUCATION,Education,5
555,Candice,Forbes,25,Male,crossalexis@example.net,6216351239,Masters,2311,SOCIAL SCIENCE OR HISTORY TEACHER EDUCATION,Education,3
556,Alfred,Hodge,27,Male,smurphy@example.org,2819341847,Bachelors,2312,TEACHER EDUCATION: MULTIPLE LEVELS,Education,5
557,Alvin,Gibson,24,Female,caitlyn49@example.org,7603468738,Bachelors,2313,LANGUAGE AND DRAMA EDUCATION,Education,2
558,Larry,Burke,26,Male,dvincent@example.net,6078448474,Bachelors,2314,ART AND MUSIC EDUCATION,Education,4
559,Kaitlin,Sullivan,28,Female,cmcclain@example.net,6163560293,Bachelors,2399,MISCELLANEOUS EDUCATION,Education,1
560,Ricky,Osborne,25,Male,wpotts@example.net,5743704049,Bachelors,2400,GENERAL ENGINEERING,Engineering,3
561,Eric,Bautista,28,Male,keith97@example.com,7575317750,Bachelors,2401,AEROSPACE ENGINEERING,Engineering,3
562,Tricia,Patrick,24,Female,vchang@example.org,9528559315,Bachelors,2402,BIOLOGICAL ENGINEERING,Engineering,2
563,Molly,Fletcher,27,Male,jose58@example.com,4103206904,Bachelors,2403,ARCHITECTURAL ENGINEERING,Engineering,5
564,Rodney,Bernard,25,Male,ana19@example.com,8602421793,Bachelors,2404,BIOMEDICAL ENGINEERING,Engineering,3
565,Craig,Hamilton,25,Female,nealmaureen@example.com,2054078025,Masters,2405,CHEMICAL ENGINEERING,Engineering,3
566,Kristine,Jimenez,26,Female,peter76@example.org,2564674912,Bachelors,2406,CIVIL ENGINEERING,Engineering,4
567,Cheyenne,Hunt,26,Male,nathan33@example.net,2564948658,Bachelors,2407,COMPUTER ENGINEERING,Engineering,4
568,Shawn,Watkins,27,Male,terriduran@example.com,2564942348,PHD,2408,ELECTRICAL ENGINEERING,Engineering,5
569,Johnathan,Griffin,26,Male,alexandriameza@example.org,9714005950,Bachelors,2409,ENGINEERING MECHANICS PHYSICS AND SCIENCE,Engineering,4
570,Bruce,Ruiz,26,Male,reginaldhahn@example.com,2816087526,Bachelors,2410,ENVIRONMENTAL ENGINEERING,Engineering,4
571,Clayton,Steele,28,Male,alec75@example.org,2193627623,Bachelors,2411,GEOLOGICAL AND GEOPHYSICAL ENGINEERING,Engineering,2
572,Derrick,Valenzuela,25,Male,blakeheath@example.com,6572364050,Bachelors,2412,INDUSTRIAL AND MANUFACTURING ENGINEERING,Engineering,3
573,Candace,Nixon,28,Male,yvonnetapia@example.com,2564948988,Bachelors,2413,MATERIALS ENGINEERING AND MATERIALS SCIENCE,Engineering,3
574,Damon,Nichols,25,Female,chelseyconner@example.org,2534548658,Bachelors,2414,MECHANICAL ENGINEERING,Engineering,3
575,Regina,Walsh,27,Male,gregg47@example.com,7155729400,Bachelors,2415,METALLURGICAL ENGINEERING,Engineering,5
576,Caroline,Rowe,26,Female,jay43@example.net,7155729230,Bachelors,2416,MINING AND MINERAL ENGINEERING,Engineering,4
577,Wendy,Mckee,25,Male,alex44@example.org,5455729400,Bachelors,2417,NAVAL ARCHITECTURE AND MARINE ENGINEERING,Engineering,3
578,Johnathan,Paul,26,Female,careykarla@example.com,3194493700,Bachelors,2418,NUCLEAR ENGINEERING,Engineering,4
579,Gavin,Arellano,28,Female,evansalexis@example.net,5152102096,Bachelors,2419,PETROLEUM ENGINEERING,Engineering,3
580,Alyssa,Stevenson,26,Male,edwardryan@example.com,5408698482,Masters,2499,MISCELLANEOUS ENGINEERING,Engineering,4
581,Brandy,Cortez,28,Female,ameyer@example.com,4102890008,Masters,2500,ENGINEERING TECHNOLOGIES,Engineering,2
582,Kirsten,Baird,25,Female,shaun49@example.org,5415801906,Bachelors,2501,ENGINEERING AND INDUSTRIAL MANAGEMENT,Engineering,3
583,Candice,House,25,Male,mcintyrepedro@example.com,4062242510,Bachelors,2502,ELECTRICAL ENGINEERING TECHNOLOGY,Engineering,3
584,Carrie,Good,26,Female,coffeysergio@example.net,4026508158,Masters,2503,INDUSTRIAL PRODUCTION TECHNOLOGIES,Engineering,4
585,Joann,Spencer,25,Female,igonzales@example.net,7652302337,Bachelors,2504,MECHANICAL ENGINEERING RELATED TECHNOLOGIES,Engineering,3
586,Gina,Powell,25,Female,brianawood@example.org,7646702337,Bachelors,2599,MISCELLANEOUS ENGINEERING TECHNOLOGIES,Engineering,3
587,Amanda,Lucas,26,Male,bentonmorgan@example.com,4024135576,PHD,2601,LINGUISTICS AND COMPARATIVE LANGUAGE AND LITERATURE,Humanities & Liberal Arts,4
588,Kristine,Blanchard,26,Male,yerickson@example.com,7652302975,Bachelors,2602,FRENCH GERMAN LATIN AND OTHER COMMON FOREIGN LANGUAGE STUDIES,Humanities & Liberal Arts,4
589,Toni,Conway,27,Male,destiny82@example.org,5094273412,Bachelors,2603,OTHER FOREIGN LANGUAGES,Humanities & Liberal Arts,5
590,Jeanne,Ortega,25,Female,jcarter@example.com,5094273412,Bachelors,2901,FAMILY AND CONSUMER SCIENCES,Industrial Arts & Consumer Services,3
591,Heather,Orozco,26,Male,aliciagarza@example.org,3524187887,Masters,3201,COURT REPORTING,Law & Public Policy,4
592,Douglas,Hays,27,Male,jonesalbert@example.org,6036233545,Masters,3202,PRE-LAW AND LEGAL STUDIES,Law & Public Policy,5
593,Mercedes,George,28,Female,ramirezbenjamin@example.org,6035633545,PHD,3301,ENGLISH LANGUAGE AND LITERATURE,Humanities & Liberal Arts,1
594,Selena,Richmond,27,Male,annecampbell@example.org,7024634199,Bachelors,3302,COMPOSITION AND RHETORIC,Humanities & Liberal Arts,5
595,Francis,Strong,26,Male,harrellcynthia@example.com,5176767664,Bachelors,3401,LIBERAL ARTS,Humanities & Liberal Arts,4
596,Grace,Buchanan,27,Female,stephanieweber@example.net,3606278079,Bachelors,3402,HUMANITIES,Humanities & Liberal Arts,5
597,Paul,Hoffman,24,Female,marilynbradford@example.com,7654990941,Bachelors,3501,LIBRARY SCIENCE,Education,2
598,Judith,Zavala,25,Male,francis36@example.org,3204024442,Bachelors,3600,BIOLOGY,Biology & Life Science,3
599,Devon,Conway,27,Female,tammyromero@example.com,3495024442,Bachelors,3601,BIOCHEMICAL SCIENCES,Biology & Life Science,5
600,Emily,Carey,28,Female,daisyaguilar@example.org,2067891548,Bachelors,3602,BOTANY,Biology & Life Science,2
601,Dean,Thompson,27,Female,karl59@example.org,3075225824,Bachelors,3603,MOLECULAR BIOLOGY,Biology & Life Science,5
602,Daisy,Weiss,25,Female,juanvasquez@example.org,6033192436,Bachelors,3604,ECOLOGY,Biology & Life Science,3
603,Dan,Cox,28,Female,wandamayer@example.com,5089394415,Bachelors,3605,GENETICS,Biology & Life Science,1
604,Dalton,Schmitt,28,Female,steve65@example.net,3045527569,Bachelors,3606,MICROBIOLOGY,Biology & Life Science,3
605,Cindy,Becker,27,Male,ksnyder@example.net,4745527569,Bachelors,3607,PHARMACOLOGY,Biology & Life Science,5
606,Erika,Mendez,28,Female,stephanie48@example.net,3045508669,Masters,3608,PHYSIOLOGY,Biology & Life Science,3
607,Sherri,Conrad,24,Female,sacosta@example.net,1250493866,Masters,3609,ZOOLOGY,Biology & Life Science,2
608,Melinda,Gallagher,24,Male,abbottdoris@example.com,5138714677,Bachelors,3611,NEUROSCIENCE,Biology & Life Science,2
609,Kaitlin,Miller,24,Male,bridget43@example.net,5138796677,Bachelors,3699,MISCELLANEOUS BIOLOGY,Biology & Life Science,2
610,Lydia,Irwin,28,Female,toddhaley@example.net,5207459175,Masters,3700,MATHEMATICS,Computers & Mathematics,2
611,Eileen,Hernandez,27,Male,dsantana@example.net,6512076627,Bachelors,3701,APPLIED MATHEMATICS,Computers & Mathematics,5
612,Darrell,Adkins,26,Female,sabrina21@example.com,5092423225,Bachelors,3702,STATISTICS AND DECISION SCIENCE,Computers & Mathematics,4
613,Peggy,Mahoney,26,Male,carlybrock@example.org,13078716737,Bachelors,3801,MILITARY TECHNOLOGIES,Industrial Arts & Consumer Services,4
614,Yolanda,Wilson,26,Female,herringfrancisco@example.org,6123884479,Bachelors,4000,MULTI/INTERDISCIPLINARY STUDIES,Interdisciplinary,4
615,Victor,Wu,28,Female,latasha71@example.com,5098882234,Bachelors,4001,INTERCULTURAL AND INTERNATIONAL STUDIES,Humanities & Liberal Arts,3
616,Earl,Hansen,26,Male,ihess@example.org,9205435320,Bachelors,4002,NUTRITION SCIENCES,Health,4
617,Alison,Fields,26,Male,darrylturner@example.org,3054353201,Bachelors,4005,MATHEMATICS AND COMPUTER SCIENCE,Computers & Mathematics,4
618,Ana,Decker,26,Female,rebeccakeith@example.com,2033082654,Masters,4006,COGNITIVE SCIENCE AND BIOPSYCHOLOGY,Biology & Life Science,4
619,Becky,Larsen,26,Female,charlenemack@example.net,7034792305,Bachelors,4007,INTERDISCIPLINARY SOCIAL SCIENCES,Social Science,4
620,Erik,Gamble,26,Male,reidalexa@example.com,5713589774,Bachelors,4101,PHYSICAL FITNESS PARKS RECREATION AND LEISURE,Industrial Arts & Consumer Services,4
621,Toni,Hoffman,28,Female,rickeyhowell@example.net,9709014810,Bachelors,4801,PHILOSOPHY AND RELIGIOUS STUDIES,Humanities & Liberal Arts,3
622,Jerome,Mccall,28,Female,burnettbrian@example.org,5034779418,Bachelors,4901,THEOLOGY AND RELIGIOUS VOCATIONS,Humanities & Liberal Arts,3
623,Desiree,Higgins,25,Female,robertamontoya@example.net,5862187990,Bachelors,5000,PHYSICAL SCIENCES,Physical Sciences,3
624,Kerry,Stevenson,28,Female,umoreno@example.org,2072372451,Bachelors,5001,ASTRONOMY AND ASTROPHYSICS,Physical Sciences,3
625,Lorraine,Stephens,27,Female,kanekara@example.org,7602709075,Masters,5002,ATMOSPHERIC SCIENCES AND METEOROLOGY,Physical Sciences,5
626,Brett,Hinton,25,Male,connietapia@example.org,8325169828,Bachelors,5003,CHEMISTRY,Physical Sciences,3
627,Micheal,Clay,27,Male,kristy38@example.com,8325134828,Bachelors,5004,GEOLOGY AND EARTH SCIENCE,Physical Sciences,5
628,Rebekah,Larson,28,Female,jbrennan@example.net,2064514646,Bachelors,5005,GEOSCIENCES,Physical Sciences,3
629,Kara,Downs,26,Female,meredith33@example.com,2063176986,Masters,5006,OCEANOGRAPHY,Physical Sciences,4
630,Tony,Booth,25,Female,dan50@example.com,4193665372,Bachelors,5007,PHYSICS,Physical Sciences,3
631,Vincent,Rich,28,Male,williezimmerman@example.com,5415232337,Bachelors,5008,MATERIALS SCIENCE,Engineering,2
632,Larry,Mayo,26,Male,barrettshelia@example.net,2819938658,PHD,5098,MULTI-DISCIPLINARY OR GENERAL SCIENCE,Physical Sciences,4
633,Selena,Brooks,27,Female,alisonjohnson@example.net,6516003164,Masters,5102,"NUCLEAR, INDUSTRIAL RADIOLOGY, AND BIOLOGICAL TECHNOLOGIES",Physical Sciences,5
634,Albert,Dennis,28,Female,rhendrix@example.org,5409991830,Bachelors,5200,PSYCHOLOGY,Psychology & Social Work,2
635,Loretta,Hebert,27,Male,joshualevine@example.com,5409994530,Bachelors,5201,EDUCATIONAL PSYCHOLOGY,Psychology & Social Work,5
636,Jean,Reynolds,25,Female,dhale@example.org,5095577668,Bachelors,5202,CLINICAL PSYCHOLOGY,Psychology & Social Work,3
637,Brady,Woods,24,Female,darincarter@example.com,5094244000,Masters,5203,COUNSELING PSYCHOLOGY,Psychology & Social Work,2
638,Jared,Carter,25,Female,jessehardin@example.com,9072207492,Bachelors,5205,INDUSTRIAL AND ORGANIZATIONAL PSYCHOLOGY,Psychology & Social Work,3
639,Stephen,Browning,27,Male,blackburnjennifer@example.com,4562207492,Bachelors,5206,SOCIAL PSYCHOLOGY,Psychology & Social Work,5
640,Craig,Boyd,26,Female,philip41@example.com,8049250109,Bachelors,5299,MISCELLANEOUS PSYCHOLOGY,Psychology & Social Work,4
641,Brian,Butler,26,Male,jmontoya@example.org,6198517681,Bachelors,5301,CRIMINAL JUSTICE AND FIRE PROTECTION,Law & Public Policy,4
642,Hector,Jacobson,24,Female,freyphyllis@example.org,5405913059,Bachelors,5401,PUBLIC ADMINISTRATION,Law & Public Policy,2
643,Crystal,Villa,27,Male,hcurtis@example.net,5403313059,Bachelors,5402,PUBLIC POLICY,Law & Public Policy,5
644,Albert,Flynn,27,Female,taylor93@example.net,6405913059,Bachelors,5403,HUMAN SERVICES AND COMMUNITY ORGANIZATION,Psychology & Social Work,5
645,Briana,Norton,25,Female,heathtara@example.org,8586952739,Masters,5404,SOCIAL WORK,Psychology & Social Work,3
646,Ariana,Carson,26,Female,boltonyesenia@example.org,8586952723,Masters,5500,GENERAL SOCIAL SCIENCES,Social Science,4
647,Jillian,Weeks,24,Female,mcphersonross@example.com,8586952459,Bachelors,5501,ECONOMICS,Social Science,2
648,Blake,Pierce,28,Male,jimmcclain@example.org,6192557213,Bachelors,5502,ANTHROPOLOGY AND ARCHEOLOGY,Humanities & Liberal Arts,3
649,Austin,Rowland,27,Male,mcdonaldmathew@example.org,4392557213,Bachelors,5503,CRIMINOLOGY,Social Science,5
650,Fred,Barry,26,Male,ralphnorris@example.com,1992557213,Bachelors,5504,GEOGRAPHY,Social Science,4
651,Alex,Fitzgerald,25,Male,heberttonya@example.com,6192557218,Bachelors,5505,INTERNATIONAL RELATIONS,Social Science,3
652,Patricia,Mckee,25,Male,lorraine95@example.com,6192557215,Bachelors,5506,POLITICAL SCIENCE AND GOVERNMENT,Social Science,3
653,Chris,Yoder,25,Female,hobbstammy@example.org,8286311987,Bachelors,5507,SOCIOLOGY,Social Science,3
654,Jeff,Ferguson,28,Male,tina67@example.net,8659995015,Bachelors,5599,MISCELLANEOUS SOCIAL SCIENCES,Social Science,3
655,Kirk,Short,24,Female,tasha06@example.net,5679995015,Bachelors,5601,CONSTRUCTION SERVICES,Industrial Arts & Consumer Services,2
656,Francis,Terrell,26,Female,ingramalyssa@example.org,8659950098,Bachelors,5701,"ELECTRICAL, MECHANICAL, AND PRECISION TECHNOLOGIES AND PRODUCTION",Industrial Arts & Consumer Services,4
657,Katherine,Perkins,25,Male,walshmalik@example.net,4438476223,Bachelors,5901,TRANSPORTATION SCIENCES AND TECHNOLOGIES,Industrial Arts & Consumer Services,3
658,Chloe,Miranda,28,Male,ejacobs@example.org,6163927086,Masters,6000,FINE ARTS,Arts,1
659,Nancy,Cruz,25,Male,nobletyrone@example.com,7732714710,Bachelors,6001,DRAMA AND THEATER ARTS,Arts,3
660,Kathryn,Johnston,25,Female,kevinbriggs@example.com,2052665137,Bachelors,6002,MUSIC,Arts,3
661,Andrea,Reed,28,Male,christopherkoch@example.com,2076021561,Bachelors,6003,VISUAL AND PERFORMING ARTS,Arts,3
662,Ronald,Avery,28,Female,stefanie21@example.net,7204798033,Bachelors,6004,COMMERCIAL ART AND GRAPHIC DESIGN,Arts,2
663,Parker,Bolton,28,Female,marcusgarner@example.com,8305224226,Masters,6005,FILM VIDEO AND PHOTOGRAPHIC ARTS,Arts,2
664,Dalton,Solomon,24,Female,jeffrey87@example.org,8659995123,Bachelors,6006,ART HISTORY AND CRITICISM,Humanities & Liberal Arts,2
665,Patty,Cohen,25,Female,yford@example.net,4066466003,PHD,6007,STUDIO ARTS,Arts,3
666,Brenda,Tate,24,Male,wbullock@example.net,5413473911,Bachelors,6099,MISCELLANEOUS FINE ARTS,Arts,2
667,Seth,Ryan,26,Male,lmathews@example.net,6072295608,Bachelors,6100,GENERAL MEDICAL AND HEALTH SERVICES,Health,4
668,Patricia,Rogers,25,Male,rick68@example.net,6512432264,High School,6102,COMMUNICATION DISORDERS SCIENCES AND SERVICES,Health,3
669,Marisa,Todd,26,Female,lozanoisabel@example.com,8587762973,Bachelors,6103,HEALTH AND MEDICAL ADMINISTRATIVE SERVICES,Health,4
670,Sherry,Sheppard,28,Male,hmckinney@example.net,7024562739,PHD,6104,MEDICAL ASSISTING SERVICES,Health,2
671,Barbara,Eaton,27,Female,matthew28@example.com,9549783113,Masters,6105,MEDICAL TECHNOLOGIES TECHNICIANS,Health,5
672,Andre,Brady,27,Female,danielsannette@example.org,2079476605,Bachelors,6106,HEALTH AND MEDICAL PREPARATORY PROGRAMS,Health,5
673,Lawrence,Randall,25,Male,kguerrero@example.com,6104523232,Masters,6107,NURSING,Health,3
674,Jeff,Huff,26,Male,moniquecameron@example.org,3042164231,Bachelors,6108,PHARMACY PHARMACEUTICAL SCIENCES AND ADMINISTRATION,Health,4
675,Isabella,Rivera,27,Female,cristina34@example.net,6123092513,Bachelors,6109,TREATMENT THERAPY PROFESSIONS,Health,5
676,Bernard,Prince,25,Male,bchung@example.com,2143847953,Bachelors,6110,COMMUNITY AND PUBLIC HEALTH,Health,3
677,Rose,Massey,28,Female,daisytravis@example.org,3046196972,Bachelors,6199,MISCELLANEOUS HEALTH MEDICAL PROFESSIONS,Health,1
678,Mason,Cannon,25,Male,zacharyandrews@example.org,4063889182,Bachelors,6200,GENERAL BUSINESS,Business,3
679,Michael,Valdez,28,Female,connorcarpenter@example.org,3253726100,Bachelors,6201,ACCOUNTING,Business,1
680,Angela,Rivas,26,Male,jennaperez@example.org,3253436100,Bachelors,6202,ACTUARIAL SCIENCE,Business,4
681,Randy,Weaver,24,Male,anitavazquez@example.net,3285726100,Bachelors,6203,BUSINESS MANAGEMENT AND ADMINISTRATION,Business,2
682,Francisco,Mcintyre,26,Male,adrian55@example.com,9077472739,Bachelors,6204,OPERATIONS LOGISTICS AND E-COMMERCE,Business,4
683,Warren,Hooper,25,Male,mayerkelsey@example.net,2083872739,Bachelors,6205,BUSINESS ECONOMICS,Business,3
684,Shane,Stephenson,24,Male,beckpaula@example.com,2083872739,Masters,6206,MARKETING AND MARKETING RESEARCH,Business,2
685,Kelli,Hurley,26,Male,joycejoann@example.com,8167281707,Bachelors,6207,FINANCE,Business,4
686,Michelle,Oconnell,28,Male,lhayden@example.org,5097236105,Bachelors,6209,HUMAN RESOURCES AND PERSONNEL MANAGEMENT,Business,2
687,Curtis,Little,26,Male,howelltanya@example.org,7622337070,Bachelors,6210,INTERNATIONAL BUSINESS,Business,4
688,Ronald,Meza,24,Male,holly96@example.net,3822337070,Masters,6211,HOSPITALITY MANAGEMENT,Business,2
689,Antonio,Rocha,26,Male,frederickdrew@example.net,2547598480,Bachelors,6212,MANAGEMENT INFORMATION SYSTEMS AND STATISTICS,Business,4
690,Glenda,Randall,26,Female,shinton@example.org,9207448045,Bachelors,6299,MISCELLANEOUS BUSINESS & MEDICAL ADMINISTRATION,Business,4
691,Deanna,Hodge,25,Male,michael98@example.com,5742772258,Bachelors,6402,HISTORY,Humanities & Liberal Arts,3
692,Tricia,Vasquez,27,Female,gerald03@example.net,4159268617,Bachelors,6403,UNITED STATES HISTORY,Humanities & Liberal Arts,5
693,Rachael,Dickerson,27,Female,gvalencia@example.com,9783906540,Bachelors,1100,GENERAL AGRICULTURE,Agriculture & Natural Resources,5
694,Eileen,Knox,25,Female,norrisjoshua@example.net,3604605155,Bachelors,1101,AGRICULTURE PRODUCTION AND MANAGEMENT,Agriculture & Natural Resources,3
695,Anita,Curry,26,Male,tracy96@example.net,3604774257,Bachelors,1102,AGRICULTURAL ECONOMICS,Agriculture & Natural Resources,4
696,Gilbert,Rich,27,Female,nsolis@example.net,3368561406,Bachelors,1103,ANIMAL SCIENCES,Agriculture & Natural Resources,5
697,Tanya,Wheeler,26,Female,angela65@example.org,3157758959,Bachelors,1104,FOOD SCIENCE,Agriculture & Natural Resources,4
698,Andrea,Raymond,26,Male,gwendolyncolon@example.org,1778142739,Masters,1105,PLANT SCIENCE AND AGRONOMY,Agriculture & Natural Resources,4
699,Tim,Grant,27,Female,mary42@example.org,3384142739,Bachelors,1106,SOIL SCIENCE,Agriculture & Natural Resources,5
700,Jackie,Clarke,24,Male,matthewbaird@example.net,9809386300,Masters,1199,MISCELLANEOUS AGRICULTURE,Agriculture & Natural Resources,2
701,Melody,Hickman,26,Female,taramahoney@example.org,3016685555,Masters,1301,ENVIRONMENTAL SCIENCE,Biology & Life Science,4
702,Ian,Meadows,27,Female,donnabaxter@example.net,4025986096,Bachelors,1302,FORESTRY,Agriculture & Natural Resources,5
703,Seth,Lloyd,26,Female,henrysheppard@example.net,9285057837,Bachelors,1303,NATURAL RESOURCES MANAGEMENT,Agriculture & Natural Resources,4
704,Selena,Contreras,24,Female,gkline@example.org,5415234266,Masters,1401,ARCHITECTURE,Engineering,2
705,Candice,Shepherd,26,Male,hoodmarcia@example.com,5706299399,Bachelors,1501,AREA ETHNIC AND CIVILIZATION STUDIES,Humanities & Liberal Arts,4
706,Aimee,Hughes,26,Female,nathanmccullough@example.org,6137767600,Bachelors,1901,COMMUNICATIONS,Communications & Journalism,4
707,Levi,Molina,28,Female,selena51@example.com,7146412084,Bachelors,1902,JOURNALISM,Communications & Journalism,1
708,Dawn,Peters,24,Female,eileen79@example.org,7716412084,Masters,1903,MASS MEDIA,Communications & Journalism,2
709,Dean,Hayes,25,Female,maxleonard@example.net,3177705280,Bachelors,1904,ADVERTISING AND PUBLIC RELATIONS,Communications & Journalism,3
710,Sherri,Grimes,27,Male,gabrielawashington@example.org,7152464677,Masters,2001,COMMUNICATION TECHNOLOGIES,Computers & Mathematics,5
711,Kristi,Woods,27,Female,ustark@example.net,6516364670,Bachelors,2100,COMPUTER AND INFORMATION SYSTEMS,Computers & Mathematics,5
712,Glenn,Petty,28,Male,duarterichard@example.net,5406234475,Bachelors,2101,COMPUTER PROGRAMMING AND DATA PROCESSING,Computers & Mathematics,2
713,Tracey,Contreras,24,Male,jeremiah55@example.net,3606106843,Bachelors,2102,COMPUTER SCIENCE,Computers & Mathematics,2
714,William,Moon,27,Female,wilkersonrobin@example.org,5037586464,Bachelors,2105,INFORMATION SCIENCES,Computers & Mathematics,5
715,Candace,Clements,27,Female,tapiacollin@example.org,1250820999,Bachelors,2106,COMPUTER ADMINISTRATION MANAGEMENT AND SECURITY,Computers & Mathematics,5
716,Vicki,Carroll,26,Female,hubbardandres@example.org,6142282537,Bachelors,2107,COMPUTER NETWORKING AND TELECOMMUNICATIONS,Computers & Mathematics,4
717,Stacie,Carroll,27,Female,charlenecisneros@example.net,7024582739,Bachelors,2201,COSMETOLOGY SERVICES AND CULINARY ARTS,Industrial Arts & Consumer Services,5
718,Guy,Dominguez,26,Male,tzuniga@example.org,3608593795,Bachelors,2300,GENERAL EDUCATION,Education,4
719,Hunter,Francis,27,Female,loweryapril@example.com,5304440478,Bachelors,2301,EDUCATIONAL ADMINISTRATION AND SUPERVISION,Education,5
720,Jonathon,Watson,24,Female,marcus05@example.net,2692990482,Bachelors,2303,SCHOOL STUDENT COUNSELING,Education,2
721,Brandi,Thomas,24,Male,gabriella99@example.com,6199558228,Bachelors,2304,ELEMENTARY EDUCATION,Education,2
722,Betty,Keith,24,Male,mlin@example.org,9718328054,Bachelors,2305,MATHEMATICS TEACHER EDUCATION,Education,2
723,Robert,Clements,26,Female,francishuang@example.com,5159786767,Bachelors,2306,PHYSICAL AND HEALTH EDUCATION TEACHING,Education,4
724,Frances,Melton,28,Female,bruceryan@example.org,9074190916,Bachelors,2307,EARLY CHILDHOOD EDUCATION,Education,2
725,Margaret,Guerrero,26,Male,fjohnson@example.net,7204200462,Bachelors,2308,SCIENCE AND COMPUTER TEACHER EDUCATION,Education,4
726,Natalie,York,24,Male,marisa19@example.net,7036758480,Bachelors,2309,SECONDARY TEACHER EDUCATION,Education,2
727,Steve,Hood,24,Female,kirsten61@example.com,5163766514,Masters,2310,SPECIAL NEEDS EDUCATION,Education,2
728,Christie,Banks,24,Female,riceronald@example.org,7744706989,Masters,2311,SOCIAL SCIENCE OR HISTORY TEACHER EDUCATION,Education,2
729,Brandon,Mcfarland,28,Male,jesus89@example.org,9284422337,Bachelors,2312,TEACHER EDUCATION: MULTIPLE LEVELS,Education,1
730,Gregory,Richmond,28,Male,gallegosjordan@example.net,7057353756,Bachelors,2313,LANGUAGE AND DRAMA EDUCATION,Education,1
731,Angel,Andrade,24,Male,manuel35@example.com,7057153756,PHD,2314,ART AND MUSIC EDUCATION,Education,2
732,Steven,Case,26,Female,hoffmanalexa@example.net,1234153756,Bachelors,2399,MISCELLANEOUS EDUCATION,Education,4
733,Nathan,Lutz,27,Male,lucas15@example.org,6313357941,Bachelors,2400,GENERAL ENGINEERING,Engineering,5
734,Shawn,Gamble,25,Male,lance35@example.org,9205584021,Bachelors,2401,AEROSPACE ENGINEERING,Engineering,3
735,Omar,Sharp,24,Male,alexis96@example.net,9062732559,Masters,2402,BIOLOGICAL ENGINEERING,Engineering,2
736,Zoe,Hunter,25,Male,montesgail@example.org,1512426579,Bachelors,2403,ARCHITECTURAL ENGINEERING,Engineering,3
737,Marco,Suarez,28,Female,yeseniawilliamson@example.net,7076969487,Bachelors,2404,BIOMEDICAL ENGINEERING,Engineering,3
738,Caleb,Hernandez,28,Male,lbates@example.org,7076969986,Bachelors,2405,CHEMICAL ENGINEERING,Engineering,1
739,Adam,Bryan,24,Male,lawrence08@example.net,5599176846,Bachelors,2406,CIVIL ENGINEERING,Engineering,2
740,Brianna,Nichols,24,Female,baileybryan@example.net,7607343949,Masters,2407,COMPUTER ENGINEERING,Engineering,2
741,Malik,Craig,24,Female,curryjennifer@example.com,4154166989,PHD,2408,ELECTRICAL ENGINEERING,Engineering,2
742,Colleen,Murphy,25,Female,brandon97@example.com,3392017888,Bachelors,2409,ENGINEERING MECHANICS PHYSICS AND SCIENCE,Engineering,3
743,Kim,Harding,27,Female,esparzacolin@example.com,3603428111,Masters,2410,ENVIRONMENTAL ENGINEERING,Engineering,5
744,Brandy,Benson,27,Female,glennhamilton@example.net,5403646402,Bachelors,2411,GEOLOGICAL AND GEOPHYSICAL ENGINEERING,Engineering,5
745,Curtis,Reeves,25,Male,marvin05@example.com,5615101253,Bachelors,2412,INDUSTRIAL AND MANUFACTURING ENGINEERING,Engineering,3
746,Cesar,Sanchez,28,Female,cberg@example.org,6516003422,Bachelors,2413,MATERIALS ENGINEERING AND MATERIALS SCIENCE,Engineering,3
747,Charles,Clarke,25,Female,isaiah74@example.net,2076026439,Bachelors,2414,MECHANICAL ENGINEERING,Engineering,3
748,Stanley,Camacho,24,Female,loricarey@example.org,2076026423,Bachelors,2415,METALLURGICAL ENGINEERING,Engineering,2
749,Jacqueline,Krueger,27,Male,clucero@example.net,8052961128,Bachelors,2416,MINING AND MINERAL ENGINEERING,Engineering,5
750,Courtney,Roach,26,Male,molinapam@example.net,7203283643,Bachelors,2417,NAVAL ARCHITECTURE AND MARINE ENGINEERING,Engineering,4
751,Bill,Hunter,26,Female,terrence57@example.org,7203283064,Bachelors,2418,NUCLEAR ENGINEERING,Engineering,4
752,Kathryn,Flynn,28,Male,jgray@example.net,5165941028,Masters,2419,PETROLEUM ENGINEERING,Engineering,3
753,Priscilla,Prince,25,Male,jesusblackburn@example.net,4135288282,Bachelors,2499,MISCELLANEOUS ENGINEERING,Engineering,3
754,Jessica,Avery,28,Male,iallen@example.com,4123288282,Bachelors,2500,ENGINEERING TECHNOLOGIES,Engineering,2
755,Ray,Holland,26,Male,kathleenjefferson@example.org,5207912739,Bachelors,2501,ENGINEERING AND INDUSTRIAL MANAGEMENT,Engineering,4
756,Deanna,Jordan,27,Male,bfinley@example.com,2549473544,Bachelors,2502,ELECTRICAL ENGINEERING TECHNOLOGY,Engineering,5
757,Sherry,Maynard,28,Male,hamptonsavannah@example.net,5415701789,High School,2503,INDUSTRIAL PRODUCTION TECHNOLOGIES,Engineering,1
758,Roberta,Velazquez,28,Female,icurry@example.com,4154334332,Bachelors,2504,MECHANICAL ENGINEERING RELATED TECHNOLOGIES,Engineering,1
759,Martha,Case,24,Male,jodi30@example.com,4124334332,Masters,2599,MISCELLANEOUS ENGINEERING TECHNOLOGIES,Engineering,2
760,Yesenia,Callahan,25,Female,mario29@example.net,5034777479,Bachelors,2601,LINGUISTICS AND COMPARATIVE LANGUAGE AND LITERATURE,Humanities & Liberal Arts,3
761,Michael,Le,24,Female,sharon31@example.com,9706392888,Bachelors,2602,FRENCH GERMAN LATIN AND OTHER COMMON FOREIGN LANGUAGE STUDIES,Humanities & Liberal Arts,2
762,Abigail,Case,28,Male,alexaustin@example.net,6037457290,Bachelors,2603,OTHER FOREIGN LANGUAGES,Humanities & Liberal Arts,3
763,Elaine,Coleman,25,Male,rneal@example.org,8309555073,Bachelors,2901,FAMILY AND CONSUMER SCIENCES,Industrial Arts & Consumer Services,3
764,Loretta,Best,26,Female,yeseniayoder@example.com,8034777479,Masters,3201,COURT REPORTING,Law & Public Policy,4
765,Richard,Mathews,28,Male,banksluke@example.org,8162713211,Masters,3202,PRE-LAW AND LEGAL STUDIES,Law & Public Policy,3
766,Kristen,Pineda,24,Male,maxwell99@example.net,8044474735,Bachelors,3301,ENGLISH LANGUAGE AND LITERATURE,Humanities & Liberal Arts,2
767,Latoya,Boyer,24,Female,bushjeffrey@example.com,8124824345,Bachelors,3302,COMPOSITION AND RHETORIC,Humanities & Liberal Arts,2
768,Jorge,Golden,26,Male,bjensen@example.com,4574777479,Bachelors,3401,LIBERAL ARTS,Humanities & Liberal Arts,4
769,Bryan,Hayes,26,Female,teresabrock@example.com,3145203401,Bachelors,3402,HUMANITIES,Humanities & Liberal Arts,4
770,Brendan,Oneill,25,Female,hnorton@example.com,5035557479,Bachelors,3501,LIBRARY SCIENCE,Education,3
771,Gwendolyn,Reeves,28,Male,ninapatton@example.net,3603991614,Bachelors,3600,BIOLOGY,Biology & Life Science,2
772,Warren,Hatfield,25,Male,rbyrd@example.net,2485446250,Bachelors,3601,BIOCHEMICAL SCIENCES,Biology & Life Science,3
773,Earl,Swanson,25,Female,jeffery89@example.com,3133388008,Masters,3602,BOTANY,Biology & Life Science,3
774,Kari,Wise,24,Female,jesse07@example.net,3133388890,Bachelors,3603,MOLECULAR BIOLOGY,Biology & Life Science,2
775,Erin,Middleton,25,Male,stuarthoward@example.com,8763388008,Masters,3604,ECOLOGY,Biology & Life Science,3
776,Arthur,Vasquez,28,Male,banksriley@example.net,3333388008,Bachelors,3605,GENETICS,Biology & Life Science,2
777,Roger,Jordan,27,Male,thomas07@example.com,5124013025,Masters,3606,MICROBIOLOGY,Biology & Life Science,5
778,Robyn,Lowe,26,Male,vcowan@example.org,2075603389,Bachelors,3607,PHARMACOLOGY,Biology & Life Science,4
779,Luis,Stafford,25,Female,jaclyncurtis@example.org,5055008381,Bachelors,3608,PHYSIOLOGY,Biology & Life Science,3
780,Jacob,Humphrey,26,Male,pettyrobin@example.org,4052545000,Bachelors,3609,ZOOLOGY,Biology & Life Science,4
781,Frederick,Sanders,25,Male,bhines@example.net,4434170534,Bachelors,3611,NEUROSCIENCE,Biology & Life Science,3
782,Julian,Ho,26,Male,ohines@example.org,3166688008,Bachelors,3699,MISCELLANEOUS BIOLOGY,Biology & Life Science,4
783,Philip,Delacruz,27,Female,mannkellie@example.com,8183173128,Bachelors,3700,MATHEMATICS,Computers & Mathematics,5
784,Debbie,Castaneda,25,Male,nixonphyllis@example.net,1424772838,Bachelors,3701,APPLIED MATHEMATICS,Computers & Mathematics,3
785,Eugene,Beltran,25,Female,mmcknight@example.net,5186391033,Bachelors,3702,STATISTICS AND DECISION SCIENCE,Computers & Mathematics,3
786,Deanna,Vaughn,25,Male,raymckee@example.com,7202871961,Bachelors,3801,MILITARY TECHNOLOGIES,Industrial Arts & Consumer Services,3
787,Paula,Deleon,28,Female,kirkharrell@example.org,9782985229,Bachelors,4000,MULTI/INTERDISCIPLINARY STUDIES,Interdisciplinary,1
788,Mario,Walsh,24,Male,tony06@example.org,7173982907,Bachelors,4001,INTERCULTURAL AND INTERNATIONAL STUDIES,Humanities & Liberal Arts,2
789,Brittany,Velazquez,28,Male,imontgomery@example.com,5407852164,Masters,4002,NUTRITION SCIENCES,Health,3
790,Alexa,Kemp,26,Female,kiara07@example.com,8323245284,Bachelors,4005,MATHEMATICS AND COMPUTER SCIENCE,Computers & Mathematics,4
791,Cody,Olson,26,Male,haileycooper@example.net,7602166425,Masters,4006,COGNITIVE SCIENCE AND BIOPSYCHOLOGY,Biology & Life Science,4
792,Makayla,Baird,27,Female,joycefrederick@example.net,1282166425,Bachelors,4007,INTERDISCIPLINARY SOCIAL SCIENCES,Social Science,5
793,Peter,Frye,26,Male,miguelpace@example.org,6122976911,Bachelors,4101,PHYSICAL FITNESS PARKS RECREATION AND LEISURE,Industrial Arts & Consumer Services,4
794,Brendan,Hamilton,24,Female,jermaine88@example.net,4142367000,Bachelors,4801,PHILOSOPHY AND RELIGIOUS STUDIES,Humanities & Liberal Arts,2
795,Rickey,Everett,28,Female,davearellano@example.net,3048762551,Bachelors,4901,THEOLOGY AND RELIGIOUS VOCATIONS,Humanities & Liberal Arts,3
796,Angelica,Washington,24,Female,wbenton@example.org,9072254722,Masters,5000,PHYSICAL SCIENCES,Physical Sciences,2
797,Nicolas,Rivas,25,Male,lawrence96@example.com,2073336769,Bachelors,5001,ASTRONOMY AND ASTROPHYSICS,Physical Sciences,3
798,Katie,Weeks,25,Female,kennedyernest@example.org,18134763767,Masters,5002,ATMOSPHERIC SCIENCES AND METEOROLOGY,Physical Sciences,3
799,Richard,Foster,26,Female,cranejerry@example.org,6199347371,Bachelors,5003,CHEMISTRY,Physical Sciences,4
800,Jocelyn,Gill,24,Male,braunalejandra@example.com,6197274926,Bachelors,5004,GEOLOGY AND EARTH SCIENCE,Physical Sciences,2
801,Gregg,Haynes,25,Female,mindy39@example.com,1923474926,Bachelors,5005,GEOSCIENCES,Physical Sciences,3
802,Christian,Frye,24,Female,acordova@example.net,6174130939,Bachelors,5006,OCEANOGRAPHY,Physical Sciences,2
803,Jason,Snyder,27,Male,gmoody@example.org,4067211482,Bachelors,5007,PHYSICS,Physical Sciences,5
804,Clifford,Zuniga,27,Male,fstrong@example.net,5134841943,Bachelors,5008,MATERIALS SCIENCE,Engineering,5
805,Erin,Ray,27,Male,tanya38@example.net,3377545122,Bachelors,5098,MULTI-DISCIPLINARY OR GENERAL SCIENCE,Physical Sciences,5
806,Luke,Gardner,24,Female,duffyanna@example.com,3377545144,Bachelors,5102,"NUCLEAR, INDUSTRIAL RADIOLOGY, AND BIOLOGICAL TECHNOLOGIES",Physical Sciences,2
807,Latoya,Savage,24,Female,ebowen@example.com,8479093072,Bachelors,5200,PSYCHOLOGY,Psychology & Social Work,2
808,Todd,Wilson,28,Female,lindsaydavila@example.com,5579093072,High School,5201,EDUCATIONAL PSYCHOLOGY,Psychology & Social Work,1
809,Gail,Weaver,27,Female,lucerodorothy@example.com,9196327551,Bachelors,5202,CLINICAL PSYCHOLOGY,Psychology & Social Work,5
810,Jamie,Mcbride,28,Female,carrillohelen@example.com,3603668065,Masters,5203,COUNSELING PSYCHOLOGY,Psychology & Social Work,2
811,Wanda,Farley,25,Female,benjamincombs@example.com,4153868439,Bachelors,5205,INDUSTRIAL AND ORGANIZATIONAL PSYCHOLOGY,Psychology & Social Work,3
812,Bailey,Fuller,25,Female,colin74@example.org,4563868439,Bachelors,5206,SOCIAL PSYCHOLOGY,Psychology & Social Work,3
813,Dakota,Conrad,28,Male,xkirby@example.com,7322027782,Bachelors,5299,MISCELLANEOUS PSYCHOLOGY,Psychology & Social Work,3
814,Veronica,Mayer,27,Male,dgaines@example.com,3214124900,Bachelors,5301,CRIMINAL JUSTICE AND FIRE PROTECTION,Law & Public Policy,5
815,Marcus,Williams,25,Female,frankkatelyn@example.org,3868465143,Masters,5401,PUBLIC ADMINISTRATION,Law & Public Policy,3
816,Sergio,Petty,25,Male,kaufmantoni@example.org,5624364020,Masters,5402,PUBLIC POLICY,Law & Public Policy,3
817,Hayley,Berg,24,Male,hperry@example.com,7540436420,Bachelors,5403,HUMAN SERVICES AND COMMUNITY ORGANIZATION,Psychology & Social Work,2
818,Frederick,Patel,26,Female,hayeslorraine@example.com,5103269575,Bachelors,5404,SOCIAL WORK,Psychology & Social Work,4
819,Ray,Mcdowell,24,Male,hensonscott@example.org,9014917197,Bachelors,5500,GENERAL SOCIAL SCIENCES,Social Science,2
820,Rose,Nolan,28,Male,everettmax@example.com,9014917123,Bachelors,5501,ECONOMICS,Social Science,1
821,Spencer,Hutchinson,24,Male,mariomaynard@example.org,4314917197,Masters,5502,ANTHROPOLOGY AND ARCHEOLOGY,Humanities & Liberal Arts,2
822,Blake,Pearson,25,Female,zbaxter@example.org,9354917197,Bachelors,5503,CRIMINOLOGY,Social Science,3
823,Sonia,Tanner,25,Female,carla69@example.org,2009344780,Bachelors,5504,GEOGRAPHY,Social Science,3
824,Eddie,Donaldson,24,Male,francisco87@example.org,2085001324,Bachelors,5505,INTERNATIONAL RELATIONS,Social Science,2
825,Travis,Conner,25,Female,larsonjeanne@example.net,2345001324,Masters,5506,POLITICAL SCIENCE AND GOVERNMENT,Social Science,3
826,Zoe,Beltran,27,Female,frankanthony@example.com,9192003930,Bachelors,5507,SOCIOLOGY,Social Science,5
827,Devon,Riley,27,Female,janethooper@example.org,2089082496,Bachelors,5599,MISCELLANEOUS SOCIAL SCIENCES,Social Science,5
828,Connor,Barrera,28,Male,rebecca63@example.net,7074332337,Bachelors,5601,CONSTRUCTION SERVICES,Industrial Arts & Consumer Services,2
829,Selena,Kramer,28,Male,meganowens@example.org,7078942722,Bachelors,5701,"ELECTRICAL, MECHANICAL, AND PRECISION TECHNOLOGIES AND PRODUCTION",Industrial Arts & Consumer Services,3
830,Tyrone,Farmer,28,Female,clayton62@example.com,7075852722,Bachelors,5901,TRANSPORTATION SCIENCES AND TECHNOLOGIES,Industrial Arts & Consumer Services,2
831,Kent,Adkins,24,Female,abigailmorales@example.org,7607264204,Bachelors,6000,FINE ARTS,Arts,2
832,Leonard,Perez,24,Male,esanford@example.org,3475780585,PHD,6001,DRAMA AND THEATER ARTS,Arts,2
833,Pedro,Riddle,27,Female,hpetersen@example.net,4174830709,Masters,6002,MUSIC,Arts,5
834,Judith,Davies,27,Male,etaylor@example.org,1202624104,Masters,6003,VISUAL AND PERFORMING ARTS,Arts,5
835,Katherine,Gardner,26,Female,bentonemily@example.com,8327617928,Bachelors,6004,COMMERCIAL ART AND GRAPHIC DESIGN,Arts,4
836,Shelia,Cantrell,28,Female,jsavage@example.com,6159287988,Masters,6005,FILM VIDEO AND PHOTOGRAPHIC ARTS,Arts,1
837,Christina,Lamb,27,Female,johnstonraymond@example.com,3093601980,Bachelors,6006,ART HISTORY AND CRITICISM,Humanities & Liberal Arts,5
838,Carla,Harrison,25,Male,erinmelton@example.net,2317532221,Bachelors,6007,STUDIO ARTS,Arts,3
839,Mallory,Melendez,26,Female,laurenquinn@example.com,2317555651,Bachelors,6099,MISCELLANEOUS FINE ARTS,Arts,4
840,Latasha,Collins,24,Male,brenda61@example.com,4252861001,Bachelors,6100,GENERAL MEDICAL AND HEALTH SERVICES,Health,2
841,Nina,Bell,26,Male,aaronmartin@example.org,2317532541,Bachelors,6102,COMMUNICATION DISORDERS SCIENCES AND SERVICES,Health,4
842,Pam,Holder,25,Female,comptondiana@example.net,8282734200,Masters,6103,HEALTH AND MEDICAL ADMINISTRATIVE SERVICES,Health,3
843,Norma,Schaefer,24,Female,margaret89@example.com,6136785444,Bachelors,6104,MEDICAL ASSISTING SERVICES,Health,2
844,Michele,Walsh,27,Female,jessicagarza@example.com,3056785444,Masters,6105,MEDICAL TECHNOLOGIES TECHNICIANS,Health,5
845,Bridget,Newman,26,Female,akim@example.net,5876785444,High School,6106,HEALTH AND MEDICAL PREPARATORY PROGRAMS,Health,4
846,Maria,Ponce,27,Male,gavin95@example.com,6205872350,Bachelors,6107,NURSING,Health,5
847,Sergio,Lloyd,25,Female,dawnmclean@example.org,6136785905,Bachelors,6108,PHARMACY PHARMACEUTICAL SCIENCES AND ADMINISTRATION,Health,3
848,Scott,Anderson,25,Female,bbarron@example.com,4067952337,Bachelors,6109,TREATMENT THERAPY PROFESSIONS,Health,3
849,Sophia,Wilcox,27,Female,glutz@example.net,3202535907,Bachelors,6110,COMMUNITY AND PUBLIC HEALTH,Health,5
850,Caroline,Bender,26,Male,jonathonmathis@example.com,9287790079,Bachelors,6199,MISCELLANEOUS HEALTH MEDICAL PROFESSIONS,Health,4
851,Levi,Bartlett,24,Male,arthurtrevino@example.org,4069880011,Bachelors,6200,GENERAL BUSINESS,Business,2
852,Mary,Hays,26,Male,rdodson@example.com,5804943455,Masters,6201,ACCOUNTING,Business,4
853,April,Morse,25,Male,eddie58@example.org,1273978015,Bachelors,6202,ACTUARIAL SCIENCE,Business,3
854,Jim,Jackson,25,Female,tiffanynichols@example.net,5402211305,Masters,6203,BUSINESS MANAGEMENT AND ADMINISTRATION,Business,3
855,Joanna,Kane,26,Female,ryan69@example.com,5735392525,Bachelors,6204,OPERATIONS LOGISTICS AND E-COMMERCE,Business,4
856,Alfred,Nunez,28,Female,hendricksrobin@example.org,8283872011,Bachelors,6205,BUSINESS ECONOMICS,Business,2
857,Maxwell,Frey,27,Female,sharonmadden@example.org,4069957444,Bachelors,6206,MARKETING AND MARKETING RESEARCH,Business,5
858,Antonio,Patel,28,Male,johnnycook@example.net,2522885814,Bachelors,6207,FINANCE,Business,1
859,Vanessa,Mayer,27,Male,devon97@example.net,3035172202,Masters,6209,HUMAN RESOURCES AND PERSONNEL MANAGEMENT,Business,5
860,Oscar,Richard,28,Female,ccain@example.com,2192413876,Bachelors,6210,INTERNATIONAL BUSINESS,Business,1
861,Dominic,Hardin,27,Female,sherriblevins@example.com,5024035680,Bachelors,6211,HOSPITALITY MANAGEMENT,Business,5
862,Ricky,Hubbard,24,Female,jadekaiser@example.org,5045403568,Bachelors,6212,MANAGEMENT INFORMATION SYSTEMS AND STATISTICS,Business,2
863,Levi,Reynolds,24,Male,amberblack@example.net,6505403568,Bachelors,6299,MISCELLANEOUS BUSINESS & MEDICAL ADMINISTRATION,Business,2
864,Evan,Chen,26,Female,justin26@example.org,5403175327,Bachelors,6402,HISTORY,Humanities & Liberal Arts,4
865,Tonya,Tanner,28,Male,albert02@example.net,4058577080,Bachelors,6403,UNITED STATES HISTORY,Humanities & Liberal Arts,2
866,Janice,Branch,26,Male,scarlson@example.org,8088880500,Masters,1100,GENERAL AGRICULTURE,Agriculture & Natural Resources,4
867,Isaac,Gallegos,25,Male,georgebianca@example.net,8087620027,Masters,1101,AGRICULTURE PRODUCTION AND MANAGEMENT,Agriculture & Natural Resources,3
868,Neil,Gaines,27,Male,carol15@example.net,8087440253,Bachelors,1102,AGRICULTURAL ECONOMICS,Agriculture & Natural Resources,5
869,Lawrence,Santiago,26,Male,angelicaerickson@example.org,1323729967,Bachelors,1103,ANIMAL SCIENCES,Agriculture & Natural Resources,4
870,Alejandro,Harrison,25,Male,haroldterry@example.org,8024647702,Bachelors,1104,FOOD SCIENCE,Agriculture & Natural Resources,3
871,Cesar,Downs,26,Female,ostephenson@example.net,4018850580,Bachelors,1105,PLANT SCIENCE AND AGRONOMY,Agriculture & Natural Resources,4
872,Julian,Manning,27,Male,levi80@example.org,4018806380,Masters,1106,SOIL SCIENCE,Agriculture & Natural Resources,5
873,Chad,Lester,26,Female,hannahschultz@example.net,4808922020,Masters,1199,MISCELLANEOUS AGRICULTURE,Agriculture & Natural Resources,4
874,Eugene,Macias,26,Male,vdorsey@example.com,7588922020,Masters,1301,ENVIRONMENTAL SCIENCE,Biology & Life Science,4
875,Victoria,Washington,26,Female,betty19@example.net,2133068955,Bachelors,1302,FORESTRY,Agriculture & Natural Resources,4
876,Jerome,Church,25,Female,daisy04@example.com,2133086955,Masters,1303,NATURAL RESOURCES MANAGEMENT,Agriculture & Natural Resources,3
877,Jennifer,Rodriguez,28,Female,shawnadecker@example.org,5418819088,Bachelors,1401,ARCHITECTURE,Engineering,2
878,Janice,Mueller,27,Male,fhaney@example.net,3606065806,Masters,1501,AREA ETHNIC AND CIVILIZATION STUDIES,Humanities & Liberal Arts,5
879,Vincent,Bautista,27,Female,kaitlinli@example.org,5706065806,Bachelors,1901,COMMUNICATIONS,Communications & Journalism,5
880,Debbie,Doyle,24,Female,lauriemoreno@example.com,4097622337,Bachelors,1902,JOURNALISM,Communications & Journalism,2
881,Melissa,Miller,27,Male,lindasalinas@example.com,7736616963,Bachelors,1903,MASS MEDIA,Communications & Journalism,5
882,Jaime,Patrick,26,Female,jake67@example.com,7607321415,Bachelors,1904,ADVERTISING AND PUBLIC RELATIONS,Communications & Journalism,4
883,Curtis,Swanson,24,Male,friedmancheryl@example.com,7605995832,Bachelors,2001,COMMUNICATION TECHNOLOGIES,Computers & Mathematics,2
884,Ana,Raymond,28,Male,ymcguire@example.net,7605995832,Bachelors,2100,COMPUTER AND INFORMATION SYSTEMS,Computers & Mathematics,1
885,Walter,Campos,26,Female,mckayariel@example.net,6163086285,Bachelors,2101,COMPUTER PROGRAMMING AND DATA PROCESSING,Computers & Mathematics,4
886,Sean,Mckee,28,Male,carolynhill@example.org,2074608654,Bachelors,2102,COMPUTER SCIENCE,Computers & Mathematics,3
887,Joyce,Kemp,24,Female,hjohnson@example.net,7327697168,Bachelors,2105,INFORMATION SCIENCES,Computers & Mathematics,2
888,Alan,Juarez,27,Male,rossmunoz@example.org,6038357801,Bachelors,2106,COMPUTER ADMINISTRATION MANAGEMENT AND SECURITY,Computers & Mathematics,5
889,Cristina,Mullins,24,Female,tricia32@example.org,2693822338,Bachelors,2107,COMPUTER NETWORKING AND TELECOMMUNICATIONS,Computers & Mathematics,2
890,Benjamin,Mathews,27,Male,russell62@example.net,2693822332,Bachelors,2201,COSMETOLOGY SERVICES AND CULINARY ARTS,Industrial Arts & Consumer Services,5
891,Danny,Dominguez,28,Male,mfischer@example.net,8103261212,Bachelors,2300,GENERAL EDUCATION,Education,3
892,Jake,Cohen,25,Male,donbautista@example.org,4058401911,Bachelors,2301,EDUCATIONAL ADMINISTRATION AND SUPERVISION,Education,3
893,Cathy,Buck,25,Female,chungbrent@example.com,3025401055,Bachelors,2303,SCHOOL STUDENT COUNSELING,Education,3
894,Gloria,Hooper,25,Female,bailey18@example.net,4254978686,Bachelors,2304,ELEMENTARY EDUCATION,Education,3
895,Malik,Fritz,28,Male,kleinmichaela@example.com,6319094457,Bachelors,2305,MATHEMATICS TEACHER EDUCATION,Education,3
896,Maureen,Daugherty,27,Male,vmalone@example.net,3869094457,Bachelors,2306,PHYSICAL AND HEALTH EDUCATION TEACHING,Education,5
897,Brandy,Shepherd,27,Male,erinblack@example.com,2064857233,Bachelors,2307,EARLY CHILDHOOD EDUCATION,Education,5
898,Lonnie,Pennington,26,Female,tommy55@example.net,5092808345,Masters,2308,SCIENCE AND COMPUTER TEACHER EDUCATION,Education,4
899,Cheyenne,Montgomery,24,Male,gregoryfaulkner@example.com,4163929040,Bachelors,2309,SECONDARY TEACHER EDUCATION,Education,2
900,Teresa,Turner,27,Male,lydiasnow@example.com,5404413159,Bachelors,2310,SPECIAL NEEDS EDUCATION,Education,5
901,Mackenzie,Shea,27,Male,angelicahunt@example.org,7088379762,Bachelors,2311,SOCIAL SCIENCE OR HISTORY TEACHER EDUCATION,Education,5
902,Jon,Daniel,24,Male,mlowe@example.net,5624333891,Bachelors,2312,TEACHER EDUCATION: MULTIPLE LEVELS,Education,2
903,Harry,Tanner,25,Female,norma68@example.org,2564696617,Bachelors,2313,LANGUAGE AND DRAMA EDUCATION,Education,3
904,Penny,Aguilar,28,Male,mcollier@example.org,5719892739,Bachelors,2314,ART AND MUSIC EDUCATION,Education,3
905,Jody,Taylor,26,Male,alvinwolfe@example.com,2184447011,Bachelors,2399,MISCELLANEOUS EDUCATION,Education,4
906,Oscar,Rosales,28,Female,dawn80@example.net,6056619090,Masters,2400,GENERAL ENGINEERING,Engineering,1
907,Christian,Dunlap,27,Female,kbaker@example.net,8284247580,Bachelors,2401,AEROSPACE ENGINEERING,Engineering,5
908,Rita,Barker,28,Male,deckeralan@example.org,6197952911,Bachelors,2402,BIOLOGICAL ENGINEERING,Engineering,1
909,Kelly,Mendoza,25,Female,dominique06@example.net,7573219482,Bachelors,2403,ARCHITECTURAL ENGINEERING,Engineering,3
910,Leslie,Rowland,24,Female,don02@example.com,5413831599,High School,2404,BIOMEDICAL ENGINEERING,Engineering,2
911,Eugene,Gay,25,Male,rcontreras@example.net,5413831599,Bachelors,2405,CHEMICAL ENGINEERING,Engineering,3
912,Gabriel,Gonzalez,24,Female,beanmarco@example.com,5413831587,Bachelors,2406,CIVIL ENGINEERING,Engineering,2
913,Jamie,Wong,26,Male,gabriella23@example.net,5413831544,Bachelors,2407,COMPUTER ENGINEERING,Engineering,4
914,Heidi,Mann,24,Female,pachecogreg@example.net,6125188146,Masters,2408,ELECTRICAL ENGINEERING,Engineering,2
915,Raven,Wilcox,24,Female,robin49@example.org,2625832034,Masters,2409,ENGINEERING MECHANICS PHYSICS AND SCIENCE,Engineering,2
916,Dominique,Cooke,26,Female,claudia41@example.org,5092905018,Bachelors,2410,ENVIRONMENTAL ENGINEERING,Engineering,4
917,Dennis,Schmitt,27,Female,woodardcarmen@example.org,5472905018,Bachelors,2411,GEOLOGICAL AND GEOPHYSICAL ENGINEERING,Engineering,5
918,Glenn,Solomon,25,Male,qguerra@example.com,5702356995,Bachelors,2412,INDUSTRIAL AND MANUFACTURING ENGINEERING,Engineering,3
919,Frank,Travis,28,Male,autumn94@example.net,4086953449,Bachelors,2413,MATERIALS ENGINEERING AND MATERIALS SCIENCE,Engineering,1
920,Adriana,Cochran,24,Female,sharoncamacho@example.com,4029348668,Bachelors,2414,MECHANICAL ENGINEERING,Engineering,2
921,Alisha,Rivera,24,Female,jacobsvictoria@example.org,4028598668,PHD,2415,METALLURGICAL ENGINEERING,Engineering,2
922,Jonathon,Barber,28,Male,cmcclure@example.org,3036906311,Bachelors,2416,MINING AND MINERAL ENGINEERING,Engineering,1
923,Sydney,Barker,26,Female,matadawn@example.com,8142739379,Bachelors,2417,NAVAL ARCHITECTURE AND MARINE ENGINEERING,Engineering,4
924,Marisa,Moran,28,Male,kelleymonique@example.com,8448792368,PHD,2418,NUCLEAR ENGINEERING,Engineering,1
925,Steve,Brady,25,Male,vballard@example.org,8448794758,Bachelors,2419,PETROLEUM ENGINEERING,Engineering,3
926,Stacie,Blackwell,26,Male,justin13@example.net,8022491125,Bachelors,2499,MISCELLANEOUS ENGINEERING,Engineering,4
927,Phillip,Poole,27,Male,mwilkinson@example.org,9203909038,Bachelors,2500,ENGINEERING TECHNOLOGIES,Engineering,5
928,Selena,Petty,24,Male,gordonhicks@example.net,2182792722,Bachelors,2501,ENGINEERING AND INDUSTRIAL MANAGEMENT,Engineering,2
929,Molly,Cabrera,27,Female,liucarrie@example.net,3192092773,Bachelors,2502,ELECTRICAL ENGINEERING TECHNOLOGY,Engineering,5
930,Barry,Mcdowell,28,Male,brittanyaustin@example.com,3097972722,Masters,2503,INDUSTRIAL PRODUCTION TECHNOLOGIES,Engineering,2
931,Andres,Proctor,28,Female,mitchell59@example.net,3092834811,Bachelors,2504,MECHANICAL ENGINEERING RELATED TECHNOLOGIES,Engineering,3
932,Calvin,Pineda,27,Male,chrisandrade@example.com,8147578269,Bachelors,2599,MISCELLANEOUS ENGINEERING TECHNOLOGIES,Engineering,5
933,Evan,Frazier,27,Female,casey36@example.net,5038980220,Bachelors,2601,LINGUISTICS AND COMPARATIVE LANGUAGE AND LITERATURE,Humanities & Liberal Arts,5
934,Kristie,Stafford,27,Male,rarias@example.net,5038980220,Masters,2602,FRENCH GERMAN LATIN AND OTHER COMMON FOREIGN LANGUAGE STUDIES,Humanities & Liberal Arts,5
935,Howard,Joyce,25,Male,cantrelljocelyn@example.net,5078348802,Bachelors,2603,OTHER FOREIGN LANGUAGES,Humanities & Liberal Arts,3
936,Gerald,Ryan,27,Male,harrisveronica@example.org,4799037330,Masters,2901,FAMILY AND CONSUMER SCIENCES,Industrial Arts & Consumer Services,5
937,Kristine,Vasquez,28,Male,zacharymckenzie@example.org,4794677330,Masters,3201,COURT REPORTING,Law & Public Policy,2
938,Autumn,Morris,27,Male,jake64@example.com,1099037330,Bachelors,3202,PRE-LAW AND LEGAL STUDIES,Law & Public Policy,5
939,Isaac,Shaw,28,Female,jmorales@example.net,5099521058,Masters,3301,ENGLISH LANGUAGE AND LITERATURE,Humanities & Liberal Arts,2
940,Suzanne,Curry,27,Male,jasmine18@example.org,7899037330,Bachelors,3302,COMPOSITION AND RHETORIC,Humanities & Liberal Arts,5
941,Anita,Randolph,28,Male,wallscharlene@example.org,3042583369,Bachelors,3401,LIBERAL ARTS,Humanities & Liberal Arts,1
942,Mary,Willis,28,Male,stricklandglen@example.com,5083269954,Bachelors,3402,HUMANITIES,Humanities & Liberal Arts,3
943,Collin,Proctor,26,Female,irwinjeanette@example.com,4136656600,Bachelors,3501,LIBRARY SCIENCE,Education,4
944,Lorraine,Hubbard,25,Female,dodsonjohnathan@example.org,8563362038,Bachelors,3600,BIOLOGY,Biology & Life Science,3
945,Emma,Roth,26,Female,anashepard@example.com,4291577921,Bachelors,3601,BIOCHEMICAL SCIENCES,Biology & Life Science,4
946,Cristian,Molina,26,Female,jamie40@example.org,4915779216,Bachelors,3602,BOTANY,Biology & Life Science,4
947,Katelyn,Trujillo,26,Male,sotorachel@example.org,5303042202,Bachelors,3603,MOLECULAR BIOLOGY,Biology & Life Science,4
948,Kristopher,Woods,25,Female,shelbyboyd@example.com,9705329850,Bachelors,3604,ECOLOGY,Biology & Life Science,3
949,Rickey,Cantu,25,Male,bonnie10@example.org,2087563391,Bachelors,3605,GENETICS,Biology & Life Science,3
950,Norma,Prince,28,Female,hendrixnichole@example.com,2069139711,Bachelors,3606,MICROBIOLOGY,Biology & Life Science,1
951,Rita,Livingston,24,Female,alvin11@example.org,5707524313,Bachelors,3607,PHARMACOLOGY,Biology & Life Science,2
952,Carla,Harris,25,Female,cassidy44@example.com,7172882255,Bachelors,3608,PHYSIOLOGY,Biology & Life Science,3
953,Franklin,Vincent,25,Female,icasey@example.org,2067081166,Masters,3609,ZOOLOGY,Biology & Life Science,3
954,Mikayla,Arellano,27,Female,samuelcox@example.com,1403892556,Bachelors,3611,NEUROSCIENCE,Biology & Life Science,5
955,Barry,Galvan,28,Male,sfaulkner@example.com,8602617062,Masters,3699,MISCELLANEOUS BIOLOGY,Biology & Life Science,3
956,Tara,Higgins,26,Female,oalvarado@example.com,8313451922,Masters,3700,MATHEMATICS,Computers & Mathematics,4
957,Kari,Stanley,24,Male,nicholasgood@example.net,3855283840,Masters,3701,APPLIED MATHEMATICS,Computers & Mathematics,2
958,Edgar,Cole,26,Male,aaron42@example.com,7574072346,Masters,3702,STATISTICS AND DECISION SCIENCE,Computers & Mathematics,4
959,Vernon,Powers,26,Male,garciadana@example.net,6132803822,Masters,3801,MILITARY TECHNOLOGIES,Industrial Arts & Consumer Services,4
960,Dustin,Gonzales,26,Male,edgar54@example.net,8282147981,Bachelors,4000,MULTI/INTERDISCIPLINARY STUDIES,Interdisciplinary,4
961,Julia,Wallace,24,Male,bobbymerritt@example.org,4067303020,Bachelors,4001,INTERCULTURAL AND INTERNATIONAL STUDIES,Humanities & Liberal Arts,2
962,Maxwell,Mcintosh,27,Male,carolynmays@example.net,4067334756,PHD,4002,NUTRITION SCIENCES,Health,5
963,Barbara,Schwartz,24,Female,gene17@example.org,4673035778,Bachelors,4005,MATHEMATICS AND COMPUTER SCIENCE,Computers & Mathematics,2
964,Lee,Shannon,25,Female,ahendricks@example.org,4254422347,Bachelors,4006,COGNITIVE SCIENCE AND BIOPSYCHOLOGY,Biology & Life Science,3
965,Rick,Rogers,26,Female,sean76@example.org,2384422347,Bachelors,4007,INTERDISCIPLINARY SOCIAL SCIENCES,Social Science,4
966,Sally,Bean,28,Female,vwood@example.net,3176960200,Bachelors,4101,PHYSICAL FITNESS PARKS RECREATION AND LEISURE,Industrial Arts & Consumer Services,3
967,Francis,Parker,25,Male,patty45@example.net,6168889746,Bachelors,4801,PHILOSOPHY AND RELIGIOUS STUDIES,Humanities & Liberal Arts,3
968,Christie,Jordan,25,Male,teresa91@example.net,5412654630,Masters,4901,THEOLOGY AND RELIGIOUS VOCATIONS,Humanities & Liberal Arts,3
969,Kirk,Ware,25,Female,qrosario@example.org,7349952437,Bachelors,5000,PHYSICAL SCIENCES,Physical Sciences,3
970,Kara,Richards,26,Female,johnathancherry@example.com,4913473254,PHD,5001,ASTRONOMY AND ASTROPHYSICS,Physical Sciences,4
971,Austin,Acosta,28,Female,heathsonya@example.net,2314277007,Bachelors,5002,ATMOSPHERIC SCIENCES AND METEOROLOGY,Physical Sciences,3
972,Yesenia,Preston,24,Female,diamond93@example.net,5412575126,Bachelors,5003,CHEMISTRY,Physical Sciences,2
973,Leslie,Flowers,26,Female,leblanctim@example.org,7205707824,Masters,5004,GEOLOGY AND EARTH SCIENCE,Physical Sciences,4
974,Jorge,Jimenez,24,Male,lozanojake@example.com,7196868100,Bachelors,5005,GEOSCIENCES,Physical Sciences,2
975,Selena,Mathews,24,Male,kerry38@example.net,3476882337,Bachelors,5006,OCEANOGRAPHY,Physical Sciences,2
976,Mitchell,Hamilton,25,Female,bergphilip@example.org,5133079688,PHD,5007,PHYSICS,Physical Sciences,3
977,Laurie,Long,26,Male,krystalprince@example.com,2189612337,Bachelors,5008,MATERIALS SCIENCE,Engineering,4
978,Desiree,Fields,27,Female,vellis@example.net,5097102961,Masters,5098,MULTI-DISCIPLINARY OR GENERAL SCIENCE,Physical Sciences,5
979,Tricia,Meyers,28,Female,nsuarez@example.com,2519482337,Bachelors,5102,"NUCLEAR, INDUSTRIAL RADIOLOGY, AND BIOLOGICAL TECHNOLOGIES",Physical Sciences,2
980,Luke,Pittman,27,Male,scottchavez@example.org,9543415545,Bachelors,5200,PSYCHOLOGY,Psychology & Social Work,5
981,Ricardo,Bentley,24,Male,cfields@example.org,9098780283,Bachelors,5201,EDUCATIONAL PSYCHOLOGY,Psychology & Social Work,2
982,Helen,Chandler,26,Female,calvin86@example.net,9098662337,Bachelors,5202,CLINICAL PSYCHOLOGY,Psychology & Social Work,4
983,Jared,Molina,25,Female,isabelshannon@example.com,9708186064,Bachelors,5203,COUNSELING PSYCHOLOGY,Psychology & Social Work,3
984,Brandon,Parsons,24,Female,brittney91@example.com,4328373700,Bachelors,5205,INDUSTRIAL AND ORGANIZATIONAL PSYCHOLOGY,Psychology & Social Work,2
985,Connie,Grimes,25,Female,gregory28@example.com,4254570515,Bachelors,5206,SOCIAL PSYCHOLOGY,Psychology & Social Work,3
986,Bianca,Lane,26,Female,gillespiemeagan@example.com,4255490018,Bachelors,5299,MISCELLANEOUS PSYCHOLOGY,Psychology & Social Work,4
987,Kelly,Shannon,26,Male,mroy@example.org,4256583644,Bachelors,5301,CRIMINAL JUSTICE AND FIRE PROTECTION,Law & Public Policy,4
988,Clinton,Knapp,26,Male,shannoncurtis@example.org,9737693294,Bachelors,5401,PUBLIC ADMINISTRATION,Law & Public Policy,4
989,Dwayne,Cortez,26,Male,qsavage@example.com,6169873155,Masters,5402,PUBLIC POLICY,Law & Public Policy,4
990,Shelby,White,27,Female,angela92@example.com,9198340045,Bachelors,5403,HUMAN SERVICES AND COMMUNITY ORGANIZATION,Psychology & Social Work,5
991,Don,Graham,24,Female,gordoncarmen@example.org,7175028800,Bachelors,5404,SOCIAL WORK,Psychology & Social Work,2
992,Suzanne,Scott,24,Female,sramirez@example.org,2312282282,Bachelors,5500,GENERAL SOCIAL SCIENCES,Social Science,2
993,Savannah,Gould,26,Female,gabriela69@example.net,3034692616,Bachelors,5501,ECONOMICS,Social Science,4
994,Latoya,Rangel,26,Male,lkaiser@example.net,5713088293,Bachelors,5502,ANTHROPOLOGY AND ARCHEOLOGY,Humanities & Liberal Arts,4
995,Brenda,Fisher,24,Female,paige81@example.org,7168545050,Bachelors,5503,CRIMINOLOGY,Social Science,2
996,Sean,Mays,26,Male,vernon46@example.net,7023683715,Bachelors,5504,GEOGRAPHY,Social Science,4
997,Marissa,Mcmahon,26,Female,eholder@example.com,3049152442,Bachelors,5505,INTERNATIONAL RELATIONS,Social Science,4
998,Sonya,Reilly,28,Female,tranbailey@example.org,4132292348,Bachelors,5506,POLITICAL SCIENCE AND GOVERNMENT,Social Science,5
999,Lynn,Hodges,28,Female,rileygabriela@example.org,4238039046,Bachelors,5507,SOCIOLOGY,Social Science,5
1000,Wyatt,Stark,26,Female,tsims@example.com,3195941891,Bachelors,5599,MISCELLANEOUS SOCIAL SCIENCES,Social Science,4
